Unit_ID,Complex,Dong,Ho,Floor,Pyeong,Type,Net_Area_m2,Base_Price_TenWork,Official_Price_TenWork,Estimated_Interest_TenWork,Tax_4_6_Percent,Total_Acquisition_Cost,L_Grade,C_Grade,S_Grade,Total_Score,Total_Grade,Naver_Ad_Info,Owner_Status,Memo
UB-S1동-201,어반브릭스,S1동,201호,2,25평,A,59.50,26106,15663,1000,1200,28306,6.2,7.0,7.0,6.6,C,N페이_연동_대기,추정_임대,오피스텔_알고리즘검증완료
UB-S1동-202,어반브릭스,S1동,202호,2,10평,D,22.64,12049,7229,1000,554,13603,6.2,7.0,7.0,6.6,C,N페이_연동_대기,추정_임대,오피스텔_알고리즘검증완료
UB-S1동-203,어반브릭스,S1동,203호,2,17평,C,38.56,18073,10843,1000,831,19904,6.2,7.0,7.0,6.6,C,N페이_연동_대기,추정_임대,오피스텔_알고리즘검증완료
UB-S1동-204,어반브릭스,S1동,204호,2,25평,B,59.60,26106,15663,1000,1200,28306,6.2,7.0,7.0,6.6,C,N페이_연동_대기,추정_임대,오피스텔_알고리즘검증완료
UB-S1동-205,어반브릭스,S1동,205호,2,25평,B,59.60,26106,15663,1000,1200,28306,6.2,7.0,7.0,6.6,C,N페이_연동_대기,추정_임대,오피스텔_알고리즘검증완료
UB-S1동-301,어반브릭스,S1동,301호,3,25평,A,59.50,26160,15696,1000,1203,28363,6.3,7.0,7.0,6.65,C,N페이_연동_대기,추정_임대,오피스텔_알고리즘검증완료
UB-S1동-302,어반브릭스,S1동,302호,3,10평,D,22.64,12073,7243,1000,555,13628,6.3,7.0,7.0,6.65,C,N페이_연동_대기,추정_임대,오피스텔_알고리즘검증완료
UB-S1동-303,어반브릭스,S1동,303호,3,17평,C,38.56,18110,10866,1000,833,19943,6.3,7.0,7.0,6.65,C,N페이_연동_대기,추정_임대,오피스텔_알고리즘검증완료
UB-S1동-304,어반브릭스,S1동,304호,3,25평,B,59.60,26160,15696,1000,1203,28363,6.3,7.0,7.0,6.65,C,N페이_연동_대기,추정_임대,오피스텔_알고리즘검증완료
UB-S1동-305,어반브릭스,S1동,305호,3,25평,B,59.60,26160,15696,1000,1203,28363,6.3,7.0,7.0,6.65,C,N페이_연동_대기,추정_임대,오피스텔_알고리즘검증완료
UB-S1동-401,어반브릭스,S1동,401호,4,25평,A,59.50,26213,15727,1000,1205,28418,6.4,7.0,7.0,6.7,C,N페이_연동_대기,추정_임대,오피스텔_알고리즘검증완료
UB-S1동-402,어반브릭스,S1동,402호,4,10평,D,22.64,12098,7258,1000,556,13654,6.4,7.0,7.0,6.7,C,N페이_연동_대기,추정_임대,오피스텔_알고리즘검증완료
UB-S1동-403,어반브릭스,S1동,403호,4,17평,C,38.56,18147,10888,1000,834,19981,6.4,7.0,7.0,6.7,C,N페이_연동_대기,추정_임대,오피스텔_알고리즘검증완료
UB-S1동-404,어반브릭스,S1동,404호,4,25평,B,59.60,26213,15727,1000,1205,28418,6.4,7.0,7.0,6.7,C,N페이_연동_대기,추정_자가,오피스텔_알고리즘검증완료
UB-S1동-405,어반브릭스,S1동,405호,4,25평,B,59.60,26213,15727,1000,1205,28418,6.4,7.0,7.0,6.7,C,N페이_연동_대기,추정_임대,오피스텔_알고리즘검증완료
UB-S1동-501,어반브릭스,S1동,501호,5,25평,A,59.50,26266,15759,1000,1208,28474,6.4,7.0,7.0,6.7,C,N페이_연동_대기,추정_임대,오피스텔_알고리즘검증완료
UB-S1동-502,어반브릭스,S1동,502호,5,10평,D,22.64,12123,7273,1000,557,13680,6.4,7.0,7.0,6.7,C,N페이_연동_대기,추정_임대,오피스텔_알고리즘검증완료
UB-S1동-503,어반브릭스,S1동,503호,5,17평,C,38.56,18184,10910,1000,836,20020,6.4,7.0,7.0,6.7,C,N페이_연동_대기,추정_임대,오피스텔_알고리즘검증완료
UB-S1동-504,어반브릭스,S1동,504호,5,25평,B,59.60,26266,15759,1000,1208,28474,6.4,7.0,7.0,6.7,C,N페이_연동_대기,추정_임대,오피스텔_알고리즘검증완료
UB-S1동-505,어반브릭스,S1동,505호,5,25평,B,59.60,26266,15759,1000,1208,28474,6.4,7.0,7.0,6.7,C,N페이_연동_대기,추정_임대,오피스텔_알고리즘검증완료
UB-S1동-601,어반브릭스,S1동,601호,6,25평,A,59.50,26320,15792,1000,1210,28530,6.5,7.0,7.0,6.75,C,N페이_연동_대기,추정_임대,오피스텔_알고리즘검증완료
UB-S1동-602,어반브릭스,S1동,602호,6,10평,D,22.64,12147,7288,1000,558,13705,6.5,7.0,7.0,6.75,C,N페이_연동_대기,추정_임대,오피스텔_알고리즘검증완료
UB-S1동-603,어반브릭스,S1동,603호,6,17평,C,38.56,18221,10932,1000,838,20059,6.5,7.0,7.0,6.75,C,N페이_연동_대기,추정_임대,오피스텔_알고리즘검증완료
UB-S1동-604,어반브릭스,S1동,604호,6,25평,B,59.60,26320,15792,1000,1210,28530,6.5,7.0,7.0,6.75,C,N페이_연동_대기,추정_임대,오피스텔_알고리즘검증완료
UB-S1동-605,어반브릭스,S1동,605호,6,25평,B,59.60,26320,15792,1000,1210,28530,6.5,7.0,7.0,6.75,C,N페이_연동_대기,추정_임대,오피스텔_알고리즘검증완료
UB-S1동-701,어반브릭스,S1동,701호,7,25평,A,59.50,26373,15823,1000,1213,28586,6.6,7.0,7.0,6.8,C,N페이_연동_대기,추정_임대,오피스텔_알고리즘검증완료
UB-S1동-702,어반브릭스,S1동,702호,7,10평,D,22.64,12172,7303,1000,559,13731,6.6,7.0,7.0,6.8,C,N페이_연동_대기,추정_임대,오피스텔_알고리즘검증완료
UB-S1동-703,어반브릭스,S1동,703호,7,17평,C,38.56,18258,10954,1000,839,20097,6.6,7.0,7.0,6.8,C,N페이_연동_대기,추정_임대,오피스텔_알고리즘검증완료
UB-S1동-704,어반브릭스,S1동,704호,7,25평,B,59.60,26373,15823,1000,1213,28586,6.6,7.0,7.0,6.8,C,N페이_연동_대기,추정_임대,오피스텔_알고리즘검증완료
UB-S1동-705,어반브릭스,S1동,705호,7,25평,B,59.60,26373,15823,1000,1213,28586,6.6,7.0,7.0,6.8,C,N페이_연동_대기,추정_임대,오피스텔_알고리즘검증완료
UB-S1동-801,어반브릭스,S1동,801호,8,25평,A,59.50,26426,15855,1000,1215,28641,6.7,7.0,7.0,6.85,C,N페이_연동_대기,추정_임대,오피스텔_알고리즘검증완료
UB-S1동-802,어반브릭스,S1동,802호,8,10평,D,22.64,12196,7317,1000,561,13757,6.7,7.0,7.0,6.85,C,N페이_연동_대기,추정_임대,오피스텔_알고리즘검증완료
UB-S1동-803,어반브릭스,S1동,803호,8,17평,C,38.56,18295,10977,1000,841,20136,6.7,7.0,7.0,6.85,C,N페이_연동_대기,추정_임대,오피스텔_알고리즘검증완료
UB-S1동-804,어반브릭스,S1동,804호,8,25평,B,59.60,26426,15855,1000,1215,28641,6.7,7.0,7.0,6.85,C,N페이_연동_대기,추정_임대,오피스텔_알고리즘검증완료
UB-S1동-805,어반브릭스,S1동,805호,8,25평,B,59.60,26426,15855,1000,1215,28641,6.7,7.0,7.0,6.85,C,N페이_연동_대기,추정_임대,오피스텔_알고리즘검증완료
UB-S1동-901,어반브릭스,S1동,901호,9,25평,A,59.50,26480,15888,1000,1218,28698,6.8,7.0,7.0,6.9,C,N페이_연동_대기,추정_임대,오피스텔_알고리즘검증완료
UB-S1동-902,어반브릭스,S1동,902호,9,10평,D,22.64,12221,7332,1000,562,13783,6.8,7.0,7.0,6.9,C,N페이_연동_대기,추정_임대,오피스텔_알고리즘검증완료
UB-S1동-903,어반브릭스,S1동,903호,9,17평,C,38.56,18332,10999,1000,843,20175,6.8,7.0,7.0,6.9,C,N페이_연동_대기,추정_임대,오피스텔_알고리즘검증완료
UB-S1동-904,어반브릭스,S1동,904호,9,25평,B,59.60,26480,15888,1000,1218,28698,6.8,7.0,7.0,6.9,C,N페이_연동_대기,추정_임대,오피스텔_알고리즘검증완료
UB-S1동-905,어반브릭스,S1동,905호,9,25평,B,59.60,26480,15888,1000,1218,28698,6.8,7.0,7.0,6.9,C,N페이_연동_대기,추정_임대,오피스텔_알고리즘검증완료
UB-S1동-1001,어반브릭스,S1동,1001호,10,25평,A,59.50,26533,15919,1000,1220,28753,6.9,7.0,7.0,6.95,C,N페이_연동_대기,추정_임대,오피스텔_알고리즘검증완료
UB-S1동-1002,어반브릭스,S1동,1002호,10,10평,D,22.64,12246,7347,1000,563,13809,6.9,7.0,7.0,6.95,C,N페이_연동_대기,추정_임대,오피스텔_알고리즘검증완료
UB-S1동-1003,어반브릭스,S1동,1003호,10,17평,C,38.56,18369,11021,1000,844,20213,6.9,7.0,7.0,6.95,C,N페이_연동_대기,추정_임대,오피스텔_알고리즘검증완료
UB-S1동-1004,어반브릭스,S1동,1004호,10,25평,B,59.60,26533,15919,1000,1220,28753,6.9,7.0,7.0,6.95,C,N페이_연동_대기,추정_임대,오피스텔_알고리즘검증완료
UB-S1동-1005,어반브릭스,S1동,1005호,10,25평,B,59.60,26533,15919,1000,1220,28753,6.9,7.0,7.0,6.95,C,N페이_연동_대기,추정_임대,오피스텔_알고리즘검증완료
UB-S1동-1101,어반브릭스,S1동,1101호,11,25평,A,59.50,26586,15951,1000,1222,28808,7.0,7.0,7.0,7.0,B,N페이_연동_대기,추정_임대,오피스텔_알고리즘검증완료
UB-S1동-1102,어반브릭스,S1동,1102호,11,10평,D,22.64,12270,7362,1000,564,13834,7.0,7.0,7.0,7.0,B,N페이_연동_대기,추정_임대,오피스텔_알고리즘검증완료
UB-S1동-1103,어반브릭스,S1동,1103호,11,17평,C,38.56,18406,11043,1000,846,20252,7.0,7.0,7.0,7.0,B,N페이_연동_대기,추정_임대,오피스텔_알고리즘검증완료
UB-S1동-1104,어반브릭스,S1동,1104호,11,25평,B,59.60,26586,15951,1000,1222,28808,7.0,7.0,7.0,7.0,B,N페이_연동_대기,추정_임대,오피스텔_알고리즘검증완료
UB-S1동-1105,어반브릭스,S1동,1105호,11,25평,B,59.60,26586,15951,1000,1222,28808,7.0,7.0,7.0,7.0,B,N페이_연동_대기,추정_임대,오피스텔_알고리즘검증완료
UB-S1동-1201,어반브릭스,S1동,1201호,12,25평,A,59.50,26640,15984,1000,1225,28865,7.1,7.0,7.0,7.05,B,N페이_연동_대기,추정_임대,오피스텔_알고리즘검증완료
UB-S1동-1202,어반브릭스,S1동,1202호,12,10평,D,22.64,12295,7377,1000,565,13860,7.1,7.0,7.0,7.05,B,N페이_연동_대기,추정_임대,오피스텔_알고리즘검증완료
UB-S1동-1203,어반브릭스,S1동,1203호,12,17평,C,38.56,18443,11065,1000,848,20291,7.1,7.0,7.0,7.05,B,N페이_연동_대기,추정_임대,오피스텔_알고리즘검증완료
UB-S1동-1204,어반브릭스,S1동,1204호,12,25평,B,59.60,26640,15984,1000,1225,28865,7.1,7.0,7.0,7.05,B,N페이_연동_대기,추정_자가,오피스텔_알고리즘검증완료
UB-S1동-1205,어반브릭스,S1동,1205호,12,25평,B,59.60,26640,15984,1000,1225,28865,7.1,7.0,7.0,7.05,B,N페이_연동_대기,추정_임대,오피스텔_알고리즘검증완료
UB-S1동-1301,어반브릭스,S1동,1301호,13,25평,A,59.50,26693,16015,1000,1227,28920,7.2,7.0,7.0,7.1,B,N페이_연동_대기,추정_임대,오피스텔_알고리즘검증완료
UB-S1동-1302,어반브릭스,S1동,1302호,13,10평,D,22.64,12320,7392,1000,566,13886,7.2,7.0,7.0,7.1,B,N페이_연동_대기,추정_임대,오피스텔_알고리즘검증완료
UB-S1동-1303,어반브릭스,S1동,1303호,13,17평,C,38.56,18480,11088,1000,850,20330,7.2,7.0,7.0,7.1,B,N페이_연동_대기,추정_임대,오피스텔_알고리즘검증완료
UB-S1동-1304,어반브릭스,S1동,1304호,13,25평,B,59.60,26693,16015,1000,1227,28920,7.2,7.0,7.0,7.1,B,N페이_연동_대기,추정_임대,오피스텔_알고리즘검증완료
UB-S1동-1305,어반브릭스,S1동,1305호,13,25평,B,59.60,26693,16015,1000,1227,28920,7.2,7.0,7.0,7.1,B,N페이_연동_대기,추정_임대,오피스텔_알고리즘검증완료
UB-S1동-1401,어반브릭스,S1동,1401호,14,25평,A,59.50,26746,16047,1000,1230,28976,7.3,7.0,7.0,7.15,B,N페이_연동_대기,추정_임대,오피스텔_알고리즘검증완료
UB-S1동-1402,어반브릭스,S1동,1402호,14,10평,D,22.64,12344,7406,1000,567,13911,7.3,7.0,7.0,7.15,B,N페이_연동_대기,추정_임대,오피스텔_알고리즘검증완료
UB-S1동-1403,어반브릭스,S1동,1403호,14,17평,C,38.56,18516,11109,1000,851,20367,7.3,7.0,7.0,7.15,B,N페이_연동_대기,추정_임대,오피스텔_알고리즘검증완료
UB-S1동-1404,어반브릭스,S1동,1404호,14,25평,B,59.60,26746,16047,1000,1230,28976,7.3,7.0,7.0,7.15,B,N페이_연동_대기,추정_임대,오피스텔_알고리즘검증완료
UB-S1동-1405,어반브릭스,S1동,1405호,14,25평,B,59.60,26746,16047,1000,1230,28976,7.3,7.0,7.0,7.15,B,N페이_연동_대기,추정_임대,오피스텔_알고리즘검증완료
UB-S1동-1501,어반브릭스,S1동,1501호,15,25평,A,59.50,26799,16079,1000,1232,29031,7.3,7.0,7.0,7.15,B,N페이_연동_대기,추정_임대,오피스텔_알고리즘검증완료
UB-S1동-1502,어반브릭스,S1동,1502호,15,10평,D,22.64,12369,7421,1000,568,13937,7.3,7.0,7.0,7.15,B,N페이_연동_대기,추정_임대,오피스텔_알고리즘검증완료
UB-S1동-1503,어반브릭스,S1동,1503호,15,17평,C,38.56,18553,11131,1000,853,20406,7.3,7.0,7.0,7.15,B,N페이_연동_대기,추정_임대,오피스텔_알고리즘검증완료
UB-S1동-1504,어반브릭스,S1동,1504호,15,25평,B,59.60,26799,16079,1000,1232,29031,7.3,7.0,7.0,7.15,B,N페이_연동_대기,추정_임대,오피스텔_알고리즘검증완료
UB-S1동-1505,어반브릭스,S1동,1505호,15,25평,B,59.60,26799,16079,1000,1232,29031,7.3,7.0,7.0,7.15,B,N페이_연동_대기,추정_임대,오피스텔_알고리즘검증완료
UB-S1동-1601,어반브릭스,S1동,1601호,16,25평,A,59.50,26853,16111,1000,1235,29088,7.4,7.0,7.0,7.2,B,N페이_연동_대기,추정_임대,오피스텔_알고리즘검증완료
UB-S1동-1602,어반브릭스,S1동,1602호,16,10평,D,22.64,12393,7435,1000,570,13963,7.4,7.0,7.0,7.2,B,N페이_연동_대기,추정_임대,오피스텔_알고리즘검증완료
UB-S1동-1603,어반브릭스,S1동,1603호,16,17평,C,38.56,18590,11154,1000,855,20445,7.4,7.0,7.0,7.2,B,N페이_연동_대기,추정_임대,오피스텔_알고리즘검증완료
UB-S1동-1604,어반브릭스,S1동,1604호,16,25평,B,59.60,26853,16111,1000,1235,29088,7.4,7.0,7.0,7.2,B,N페이_연동_대기,추정_임대,오피스텔_알고리즘검증완료
UB-S1동-1605,어반브릭스,S1동,1605호,16,25평,B,59.60,26853,16111,1000,1235,29088,7.4,7.0,7.0,7.2,B,N페이_연동_대기,추정_임대,오피스텔_알고리즘검증완료
UB-S1동-1701,어반브릭스,S1동,1701호,17,25평,A,59.50,26906,16143,1000,1237,29143,7.5,7.0,7.0,7.25,B,N페이_연동_대기,추정_임대,오피스텔_알고리즘검증완료
UB-S1동-1702,어반브릭스,S1동,1702호,17,10평,D,22.64,12418,7450,1000,571,13989,7.5,7.0,7.0,7.25,B,N페이_연동_대기,추정_임대,오피스텔_알고리즘검증완료
UB-S1동-1703,어반브릭스,S1동,1703호,17,17평,C,38.56,18627,11176,1000,856,20483,7.5,7.0,7.0,7.25,B,N페이_연동_대기,추정_임대,오피스텔_알고리즘검증완료
UB-S1동-1704,어반브릭스,S1동,1704호,17,25평,B,59.60,26906,16143,1000,1237,29143,7.5,7.0,7.0,7.25,B,N페이_연동_대기,추정_임대,오피스텔_알고리즘검증완료
UB-S1동-1705,어반브릭스,S1동,1705호,17,25평,B,59.60,26906,16143,1000,1237,29143,7.5,7.0,7.0,7.25,B,N페이_연동_대기,추정_임대,오피스텔_알고리즘검증완료
UB-S1동-1801,어반브릭스,S1동,1801호,18,25평,A,59.50,26959,16175,1000,1240,29199,7.6,7.0,7.0,7.3,B,N페이_연동_대기,추정_임대,오피스텔_알고리즘검증완료
UB-S1동-1802,어반브릭스,S1동,1802호,18,10평,D,22.64,12443,7465,1000,572,14015,7.6,7.0,7.0,7.3,B,N페이_연동_대기,추정_임대,오피스텔_알고리즘검증완료
UB-S1동-1803,어반브릭스,S1동,1803호,18,17평,C,38.56,18664,11198,1000,858,20522,7.6,7.0,7.0,7.3,B,N페이_연동_대기,추정_임대,오피스텔_알고리즘검증완료
UB-S1동-1804,어반브릭스,S1동,1804호,18,25평,B,59.60,26959,16175,1000,1240,29199,7.6,7.0,7.0,7.3,B,N페이_연동_대기,추정_임대,오피스텔_알고리즘검증완료
UB-S1동-1805,어반브릭스,S1동,1805호,18,25평,B,59.60,26959,16175,1000,1240,29199,7.6,7.0,7.0,7.3,B,N페이_연동_대기,추정_임대,오피스텔_알고리즘검증완료
UB-S1동-1901,어반브릭스,S1동,1901호,19,25평,A,59.50,27013,16207,1000,1242,29255,7.7,7.0,7.0,7.35,B,N페이_연동_대기,추정_임대,오피스텔_알고리즘검증완료
UB-S1동-1902,어반브릭스,S1동,1902호,19,10평,D,22.64,12467,7480,1000,573,14040,7.7,7.0,7.0,7.35,B,N페이_연동_대기,추정_임대,오피스텔_알고리즘검증완료
UB-S1동-1903,어반브릭스,S1동,1903호,19,17평,C,38.56,18701,11220,1000,860,20561,7.7,7.0,7.0,7.35,B,N페이_연동_대기,추정_임대,오피스텔_알고리즘검증완료
UB-S1동-1904,어반브릭스,S1동,1904호,19,25평,B,59.60,27013,16207,1000,1242,29255,7.7,7.0,7.0,7.35,B,N페이_연동_대기,추정_임대,오피스텔_알고리즘검증완료
UB-S1동-1905,어반브릭스,S1동,1905호,19,25평,B,59.60,27013,16207,1000,1242,29255,7.7,7.0,7.0,7.35,B,N페이_연동_대기,추정_임대,오피스텔_알고리즘검증완료
UB-S1동-2001,어반브릭스,S1동,2001호,20,25평,A,59.50,27066,16239,1000,1245,29311,7.8,7.0,7.0,7.4,B,N페이_연동_대기,추정_임대,오피스텔_알고리즘검증완료
UB-S1동-2002,어반브릭스,S1동,2002호,20,10평,D,22.64,12492,7495,1000,574,14066,7.8,7.0,7.0,7.4,B,N페이_연동_대기,추정_임대,오피스텔_알고리즘검증완료
UB-S1동-2003,어반브릭스,S1동,2003호,20,17평,C,38.56,18738,11242,1000,861,20599,7.8,7.0,7.0,7.4,B,N페이_연동_대기,추정_임대,오피스텔_알고리즘검증완료
UB-S1동-2004,어반브릭스,S1동,2004호,20,25평,B,59.60,27066,16239,1000,1245,29311,7.8,7.0,7.0,7.4,B,N페이_연동_대기,추정_임대,오피스텔_알고리즘검증완료
UB-S1동-2005,어반브릭스,S1동,2005호,20,25평,B,59.60,27066,16239,1000,1245,29311,7.8,7.0,7.0,7.4,B,N페이_연동_대기,추정_임대,오피스텔_알고리즘검증완료
UB-S1동-2101,어반브릭스,S1동,2101호,21,25평,A,59.50,27120,16272,1000,1247,29367,7.9,7.0,7.0,7.45,B,N페이_연동_대기,추정_임대,오피스텔_알고리즘검증완료
UB-S1동-2102,어반브릭스,S1동,2102호,21,10평,D,22.64,12516,7509,1000,575,14091,7.9,7.0,7.0,7.45,B,N페이_연동_대기,추정_임대,오피스텔_알고리즘검증완료
UB-S1동-2103,어반브릭스,S1동,2103호,21,17평,C,38.56,18775,11265,1000,863,20638,7.9,7.0,7.0,7.45,B,N페이_연동_대기,추정_임대,오피스텔_알고리즘검증완료
UB-S1동-2104,어반브릭스,S1동,2104호,21,25평,B,59.60,27120,16272,1000,1247,29367,7.9,7.0,7.0,7.45,B,N페이_연동_대기,추정_임대,오피스텔_알고리즘검증완료
UB-S1동-2105,어반브릭스,S1동,2105호,21,25평,B,59.60,27120,16272,1000,1247,29367,7.9,7.0,7.0,7.45,B,N페이_연동_대기,추정_임대,오피스텔_알고리즘검증완료
UB-S1동-2201,어반브릭스,S1동,2201호,22,25평,A,59.50,27173,16303,1000,1249,29422,8.0,7.0,7.0,7.5,B+,N페이_연동_대기,추정_임대,오피스텔_알고리즘검증완료
UB-S1동-2202,어반브릭스,S1동,2202호,22,10평,D,22.64,12541,7524,1000,576,14117,8.0,7.0,7.0,7.5,B+,N페이_연동_대기,추정_임대,오피스텔_알고리즘검증완료
UB-S1동-2203,어반브릭스,S1동,2203호,22,17평,C,38.56,18812,11287,1000,865,20677,8.0,7.0,7.0,7.5,B+,N페이_연동_대기,추정_임대,오피스텔_알고리즘검증완료
UB-S1동-2204,어반브릭스,S1동,2204호,22,25평,B,59.60,27173,16303,1000,1249,29422,8.0,7.0,7.0,7.5,B+,N페이_연동_대기,추정_자가,오피스텔_알고리즘검증완료
UB-S1동-2205,어반브릭스,S1동,2205호,22,25평,B,59.60,27173,16303,1000,1249,29422,8.0,7.0,7.0,7.5,B+,N페이_연동_대기,추정_임대,오피스텔_알고리즘검증완료
UB-S1동-2301,어반브릭스,S1동,2301호,23,25평,A,59.50,27226,16335,1000,1252,29478,8.1,7.0,7.0,7.55,B+,N페이_연동_대기,추정_임대,오피스텔_알고리즘검증완료
UB-S1동-2302,어반브릭스,S1동,2302호,23,10평,D,22.64,12566,7539,1000,578,14144,8.1,7.0,7.0,7.55,B+,N페이_연동_대기,추정_임대,오피스텔_알고리즘검증완료
UB-S1동-2303,어반브릭스,S1동,2303호,23,17평,C,38.56,18849,11309,1000,867,20716,8.1,7.0,7.0,7.55,B+,N페이_연동_대기,추정_임대,오피스텔_알고리즘검증완료
UB-S1동-2304,어반브릭스,S1동,2304호,23,25평,B,59.60,27226,16335,1000,1252,29478,8.1,7.0,7.0,7.55,B+,N페이_연동_대기,추정_임대,오피스텔_알고리즘검증완료
UB-S1동-2305,어반브릭스,S1동,2305호,23,25평,B,59.60,27226,16335,1000,1252,29478,8.1,7.0,7.0,7.55,B+,N페이_연동_대기,추정_임대,오피스텔_알고리즘검증완료
UB-S1동-2401,어반브릭스,S1동,2401호,24,25평,A,59.50,27280,16368,1000,1254,29534,8.2,7.0,7.0,7.6,B+,N페이_연동_대기,추정_임대,오피스텔_알고리즘검증완료
UB-S1동-2402,어반브릭스,S1동,2402호,24,10평,D,22.64,12590,7554,1000,579,14169,8.2,7.0,7.0,7.6,B+,N페이_연동_대기,추정_임대,오피스텔_알고리즘검증완료
UB-S1동-2403,어반브릭스,S1동,2403호,24,17평,C,38.56,18886,11331,1000,868,20754,8.2,7.0,7.0,7.6,B+,N페이_연동_대기,추정_임대,오피스텔_알고리즘검증완료
UB-S1동-2404,어반브릭스,S1동,2404호,24,25평,B,59.60,27280,16368,1000,1254,29534,8.2,7.0,7.0,7.6,B+,N페이_연동_대기,추정_임대,오피스텔_알고리즘검증완료
UB-S1동-2405,어반브릭스,S1동,2405호,24,25평,B,59.60,27280,16368,1000,1254,29534,8.2,7.0,7.0,7.6,B+,N페이_연동_대기,추정_임대,오피스텔_알고리즘검증완료
UB-S1동-2501,어반브릭스,S1동,2501호,25,25평,A,59.50,27333,16399,1000,1257,29590,8.2,7.0,7.0,7.6,B+,N페이_연동_대기,추정_임대,오피스텔_알고리즘검증완료
UB-S1동-2502,어반브릭스,S1동,2502호,25,10평,D,22.64,12615,7569,1000,580,14195,8.2,7.0,7.0,7.6,B+,N페이_연동_대기,추정_임대,오피스텔_알고리즘검증완료
UB-S1동-2503,어반브릭스,S1동,2503호,25,17평,C,38.56,18923,11353,1000,870,20793,8.2,7.0,7.0,7.6,B+,N페이_연동_대기,추정_임대,오피스텔_알고리즘검증완료
UB-S1동-2504,어반브릭스,S1동,2504호,25,25평,B,59.60,27333,16399,1000,1257,29590,8.2,7.0,7.0,7.6,B+,N페이_연동_대기,추정_임대,오피스텔_알고리즘검증완료
UB-S1동-2505,어반브릭스,S1동,2505호,25,25평,B,59.60,27333,16399,1000,1257,29590,8.2,7.0,7.0,7.6,B+,N페이_연동_대기,추정_임대,오피스텔_알고리즘검증완료
UB-S1동-2601,어반브릭스,S1동,2601호,26,25평,A,59.50,27386,16431,1000,1259,29645,8.3,7.0,7.0,7.65,B+,N페이_연동_대기,추정_임대,오피스텔_알고리즘검증완료
UB-S1동-2602,어반브릭스,S1동,2602호,26,10평,D,22.64,12639,7583,1000,581,14220,8.3,7.0,7.0,7.65,B+,N페이_연동_대기,추정_임대,오피스텔_알고리즘검증완료
UB-S1동-2603,어반브릭스,S1동,2603호,26,17평,C,38.56,18960,11376,1000,872,20832,8.3,7.0,7.0,7.65,B+,N페이_연동_대기,추정_임대,오피스텔_알고리즘검증완료
UB-S1동-2604,어반브릭스,S1동,2604호,26,25평,B,59.60,27386,16431,1000,1259,29645,8.3,7.0,7.0,7.65,B+,N페이_연동_대기,추정_임대,오피스텔_알고리즘검증완료
UB-S1동-2605,어반브릭스,S1동,2605호,26,25평,B,59.60,27386,16431,1000,1259,29645,8.3,7.0,7.0,7.65,B+,N페이_연동_대기,추정_임대,오피스텔_알고리즘검증완료
UB-S1동-2701,어반브릭스,S1동,2701호,27,25평,A,59.50,27440,16464,1000,1262,29702,8.4,7.0,7.0,7.7,B+,N페이_연동_대기,추정_임대,오피스텔_알고리즘검증완료
UB-S1동-2702,어반브릭스,S1동,2702호,27,10평,D,22.64,12664,7598,1000,582,14246,8.4,7.0,7.0,7.7,B+,N페이_연동_대기,추정_임대,오피스텔_알고리즘검증완료
UB-S1동-2703,어반브릭스,S1동,2703호,27,17평,C,38.56,18996,11397,1000,873,20869,8.4,7.0,7.0,7.7,B+,N페이_연동_대기,추정_임대,오피스텔_알고리즘검증완료
UB-S1동-2704,어반브릭스,S1동,2704호,27,25평,B,59.60,27440,16464,1000,1262,29702,8.4,7.0,7.0,7.7,B+,N페이_연동_대기,추정_임대,오피스텔_알고리즘검증완료
UB-S1동-2705,어반브릭스,S1동,2705호,27,25평,B,59.60,27440,16464,1000,1262,29702,8.4,7.0,7.0,7.7,B+,N페이_연동_대기,추정_임대,오피스텔_알고리즘검증완료
UB-S1동-2801,어반브릭스,S1동,2801호,28,25평,A,59.50,27493,16495,1000,1264,29757,8.5,7.0,7.0,7.75,B+,N페이_연동_대기,추정_임대,오피스텔_알고리즘검증완료
UB-S1동-2802,어반브릭스,S1동,2802호,28,10평,D,22.64,12689,7613,1000,583,14272,8.5,7.0,7.0,7.75,B+,N페이_연동_대기,추정_임대,오피스텔_알고리즘검증완료
UB-S1동-2803,어반브릭스,S1동,2803호,28,17평,C,38.56,19033,11419,1000,875,20908,8.5,7.0,7.0,7.75,B+,N페이_연동_대기,추정_임대,오피스텔_알고리즘검증완료
UB-S1동-2804,어반브릭스,S1동,2804호,28,25평,B,59.60,27493,16495,1000,1264,29757,8.5,7.0,7.0,7.75,B+,N페이_연동_대기,추정_자가,오피스텔_알고리즘검증완료
UB-S1동-2805,어반브릭스,S1동,2805호,28,25평,B,59.60,27493,16495,1000,1264,29757,8.5,7.0,7.0,7.75,B+,N페이_연동_대기,추정_임대,오피스텔_알고리즘검증완료
UB-S1동-2901,어반브릭스,S1동,2901호,29,25평,A,59.50,27546,16527,1000,1267,29813,8.6,7.0,7.0,7.8,B+,N페이_연동_대기,추정_임대,오피스텔_알고리즘검증완료
UB-S1동-2902,어반브릭스,S1동,2902호,29,10평,D,22.64,12713,7627,1000,584,14297,8.6,7.0,7.0,7.8,B+,N페이_연동_대기,추정_임대,오피스텔_알고리즘검증완료
UB-S1동-2903,어반브릭스,S1동,2903호,29,17평,C,38.56,19070,11442,1000,877,20947,8.6,7.0,7.0,7.8,B+,N페이_연동_대기,추정_임대,오피스텔_알고리즘검증완료
UB-S1동-2904,어반브릭스,S1동,2904호,29,25평,B,59.60,27546,16527,1000,1267,29813,8.6,7.0,7.0,7.8,B+,N페이_연동_대기,추정_임대,오피스텔_알고리즘검증완료
UB-S1동-2905,어반브릭스,S1동,2905호,29,25평,B,59.60,27546,16527,1000,1267,29813,8.6,7.0,7.0,7.8,B+,N페이_연동_대기,추정_임대,오피스텔_알고리즘검증완료
UB-S1동-3001,어반브릭스,S1동,3001호,30,25평,A,59.50,27600,16560,1000,1269,29869,8.7,7.0,7.0,7.85,B+,N페이_연동_대기,추정_임대,오피스텔_알고리즘검증완료
UB-S1동-3002,어반브릭스,S1동,3002호,30,10평,D,22.64,12738,7642,1000,585,14323,8.7,7.0,7.0,7.85,B+,N페이_연동_대기,추정_임대,오피스텔_알고리즘검증완료
UB-S1동-3003,어반브릭스,S1동,3003호,30,17평,C,38.56,19107,11464,1000,878,20985,8.7,7.0,7.0,7.85,B+,N페이_연동_대기,추정_임대,오피스텔_알고리즘검증완료
UB-S1동-3004,어반브릭스,S1동,3004호,30,25평,B,59.60,27600,16560,1000,1269,29869,8.7,7.0,7.0,7.85,B+,N페이_연동_대기,추정_임대,오피스텔_알고리즘검증완료
UB-S1동-3005,어반브릭스,S1동,3005호,30,25평,B,59.60,27600,16560,1000,1269,29869,8.7,7.0,7.0,7.85,B+,N페이_연동_대기,추정_임대,오피스텔_알고리즘검증완료
UB-S1동-3101,어반브릭스,S1동,3101호,31,25평,A,59.50,27653,16591,1000,1272,29925,8.8,7.0,7.0,7.9,B+,N페이_연동_대기,추정_임대,오피스텔_알고리즘검증완료
UB-S1동-3102,어반브릭스,S1동,3102호,31,10평,D,22.64,12763,7657,1000,587,14350,8.8,7.0,7.0,7.9,B+,N페이_연동_대기,추정_임대,오피스텔_알고리즘검증완료
UB-S1동-3103,어반브릭스,S1동,3103호,31,17평,C,38.56,19144,11486,1000,880,21024,8.8,7.0,7.0,7.9,B+,N페이_연동_대기,추정_임대,오피스텔_알고리즘검증완료
UB-S1동-3104,어반브릭스,S1동,3104호,31,25평,B,59.60,27653,16591,1000,1272,29925,8.8,7.0,7.0,7.9,B+,N페이_연동_대기,추정_임대,오피스텔_알고리즘검증완료
UB-S1동-3105,어반브릭스,S1동,3105호,31,25평,B,59.60,27653,16591,1000,1272,29925,8.8,7.0,7.0,7.9,B+,N페이_연동_대기,추정_임대,오피스텔_알고리즘검증완료
UB-S1동-3201,어반브릭스,S1동,3201호,32,25평,A,59.50,27706,16623,1000,1274,29980,8.9,7.0,7.0,7.95,B+,N페이_연동_대기,추정_임대,오피스텔_알고리즘검증완료
UB-S1동-3202,어반브릭스,S1동,3202호,32,10평,D,22.64,12787,7672,1000,588,14375,8.9,7.0,7.0,7.95,B+,N페이_연동_대기,추정_임대,오피스텔_알고리즘검증완료
UB-S1동-3203,어반브릭스,S1동,3203호,32,17평,C,38.56,19181,11508,1000,882,21063,8.9,7.0,7.0,7.95,B+,N페이_연동_대기,추정_임대,오피스텔_알고리즘검증완료
UB-S1동-3204,어반브릭스,S1동,3204호,32,25평,B,59.60,27706,16623,1000,1274,29980,8.9,7.0,7.0,7.95,B+,N페이_연동_대기,추정_임대,오피스텔_알고리즘검증완료
UB-S1동-3205,어반브릭스,S1동,3205호,32,25평,B,59.60,27706,16623,1000,1274,29980,8.9,7.0,7.0,7.95,B+,N페이_연동_대기,추정_임대,오피스텔_알고리즘검증완료
UB-S1동-3301,어반브릭스,S1동,3301호,33,25평,A,59.50,27760,16656,1000,1276,30036,9.0,7.0,7.0,8.0,A,N페이_연동_대기,추정_임대,오피스텔_알고리즘검증완료
UB-S1동-3302,어반브릭스,S1동,3302호,33,10평,D,22.64,12812,7687,1000,589,14401,9.0,7.0,7.0,8.0,A,N페이_연동_대기,추정_임대,오피스텔_알고리즘검증완료
UB-S1동-3303,어반브릭스,S1동,3303호,33,17평,C,38.56,19218,11530,1000,884,21102,9.0,7.0,7.0,8.0,A,N페이_연동_대기,추정_임대,오피스텔_알고리즘검증완료
UB-S1동-3304,어반브릭스,S1동,3304호,33,25평,B,59.60,27760,16656,1000,1276,30036,9.0,7.0,7.0,8.0,A,N페이_연동_대기,추정_임대,오피스텔_알고리즘검증완료
UB-S1동-3305,어반브릭스,S1동,3305호,33,25평,B,59.60,27760,16656,1000,1276,30036,9.0,7.0,7.0,8.0,A,N페이_연동_대기,추정_임대,오피스텔_알고리즘검증완료
UB-S1동-3401,어반브릭스,S1동,3401호,34,25평,A,59.50,27813,16687,1000,1279,30092,9.1,7.0,7.0,8.05,A,N페이_연동_대기,추정_임대,오피스텔_알고리즘검증완료
UB-S1동-3402,어반브릭스,S1동,3402호,34,10평,D,22.64,12836,7701,1000,590,14426,9.1,7.0,7.0,8.05,A,N페이_연동_대기,추정_임대,오피스텔_알고리즘검증완료
UB-S1동-3403,어반브릭스,S1동,3403호,34,17평,C,38.56,19255,11553,1000,885,21140,9.1,7.0,7.0,8.05,A,N페이_연동_대기,추정_임대,오피스텔_알고리즘검증완료
UB-S1동-3404,어반브릭스,S1동,3404호,34,25평,B,59.60,27813,16687,1000,1279,30092,9.1,7.0,7.0,8.05,A,N페이_연동_대기,추정_임대,오피스텔_알고리즘검증완료
UB-S1동-3405,어반브릭스,S1동,3405호,34,25평,B,59.60,27813,16687,1000,1279,30092,9.1,7.0,7.0,8.05,A,N페이_연동_대기,추정_임대,오피스텔_알고리즘검증완료
UB-S1동-3501,어반브릭스,S1동,3501호,35,25평,A,59.50,27866,16719,1000,1281,30147,9.1,7.0,7.0,8.05,A,N페이_연동_대기,추정_임대,오피스텔_알고리즘검증완료
UB-S1동-3502,어반브릭스,S1동,3502호,35,10평,D,22.64,12861,7716,1000,591,14452,9.1,7.0,7.0,8.05,A,N페이_연동_대기,추정_임대,오피스텔_알고리즘검증완료
UB-S1동-3503,어반브릭스,S1동,3503호,35,17평,C,38.56,19292,11575,1000,887,21179,9.1,7.0,7.0,8.05,A,N페이_연동_대기,추정_임대,오피스텔_알고리즘검증완료
UB-S1동-3504,어반브릭스,S1동,3504호,35,25평,B,59.60,27866,16719,1000,1281,30147,9.1,7.0,7.0,8.05,A,N페이_연동_대기,추정_자가,오피스텔_알고리즘검증완료
UB-S1동-3505,어반브릭스,S1동,3505호,35,25평,B,59.60,27866,16719,1000,1281,30147,9.1,7.0,7.0,8.05,A,N페이_연동_대기,추정_임대,오피스텔_알고리즘검증완료
UB-S1동-3601,어반브릭스,S1동,3601호,36,25평,A,59.50,27920,16752,1000,1284,30204,9.2,7.0,7.0,8.1,A,N페이_연동_대기,추정_임대,오피스텔_알고리즘검증완료
UB-S1동-3602,어반브릭스,S1동,3602호,36,10평,D,22.64,12886,7731,1000,592,14478,9.2,7.0,7.0,8.1,A,N페이_연동_대기,추정_임대,오피스텔_알고리즘검증완료
UB-S1동-3603,어반브릭스,S1동,3603호,36,17평,C,38.56,19329,11597,1000,889,21218,9.2,7.0,7.0,8.1,A,N페이_연동_대기,추정_임대,오피스텔_알고리즘검증완료
UB-S1동-3604,어반브릭스,S1동,3604호,36,25평,B,59.60,27920,16752,1000,1284,30204,9.2,7.0,7.0,8.1,A,N페이_연동_대기,추정_임대,오피스텔_알고리즘검증완료
UB-S1동-3605,어반브릭스,S1동,3605호,36,25평,B,59.60,27920,16752,1000,1284,30204,9.2,7.0,7.0,8.1,A,N페이_연동_대기,추정_임대,오피스텔_알고리즘검증완료
UB-S1동-3701,어반브릭스,S1동,3701호,37,25평,A,59.50,27973,16783,1000,1286,30259,9.3,7.0,7.0,8.15,A,N페이_연동_대기,추정_임대,오피스텔_알고리즘검증완료
UB-S1동-3702,어반브릭스,S1동,3702호,37,10평,D,22.64,12910,7746,1000,593,14503,9.3,7.0,7.0,8.15,A,N페이_연동_대기,추정_임대,오피스텔_알고리즘검증완료
UB-S1동-3703,어반브릭스,S1동,3703호,37,17평,C,38.56,19366,11619,1000,890,21256,9.3,7.0,7.0,8.15,A,N페이_연동_대기,추정_임대,오피스텔_알고리즘검증완료
UB-S1동-3704,어반브릭스,S1동,3704호,37,25평,B,59.60,27973,16783,1000,1286,30259,9.3,7.0,7.0,8.15,A,N페이_연동_대기,추정_임대,오피스텔_알고리즘검증완료
UB-S1동-3705,어반브릭스,S1동,3705호,37,25평,B,59.60,27973,16783,1000,1286,30259,9.3,7.0,7.0,8.15,A,N페이_연동_대기,추정_임대,오피스텔_알고리즘검증완료
UB-S1동-3801,어반브릭스,S1동,3801호,38,25평,A,59.50,28026,16815,1000,1289,30315,9.4,7.0,7.0,8.2,A,N페이_연동_대기,추정_임대,오피스텔_알고리즘검증완료
UB-S1동-3802,어반브릭스,S1동,3802호,38,10평,D,22.64,12935,7761,1000,595,14530,9.4,7.0,7.0,8.2,A,N페이_연동_대기,추정_임대,오피스텔_알고리즘검증완료
UB-S1동-3803,어반브릭스,S1동,3803호,38,17평,C,38.56,19403,11641,1000,892,21295,9.4,7.0,7.0,8.2,A,N페이_연동_대기,추정_임대,오피스텔_알고리즘검증완료
UB-S1동-3804,어반브릭스,S1동,3804호,38,25평,B,59.60,28026,16815,1000,1289,30315,9.4,7.0,7.0,8.2,A,N페이_연동_대기,추정_임대,오피스텔_알고리즘검증완료
UB-S1동-3805,어반브릭스,S1동,3805호,38,25평,B,59.60,28026,16815,1000,1289,30315,9.4,7.0,7.0,8.2,A,N페이_연동_대기,추정_임대,오피스텔_알고리즘검증완료
UB-S1동-3901,어반브릭스,S1동,3901호,39,25평,A,59.50,28080,16848,1000,1291,30371,9.5,7.0,7.0,8.25,A,N페이_연동_대기,추정_임대,오피스텔_알고리즘검증완료
UB-S1동-3902,어반브릭스,S1동,3902호,39,10평,D,22.64,12960,7776,1000,596,14556,9.5,7.0,7.0,8.25,A,N페이_연동_대기,추정_임대,오피스텔_알고리즘검증완료
UB-S1동-3903,어반브릭스,S1동,3903호,39,17평,C,38.56,19440,11664,1000,894,21334,9.5,7.0,7.0,8.25,A,N페이_연동_대기,추정_임대,오피스텔_알고리즘검증완료
UB-S1동-3904,어반브릭스,S1동,3904호,39,25평,B,59.60,28080,16848,1000,1291,30371,9.5,7.0,7.0,8.25,A,N페이_연동_대기,추정_임대,오피스텔_알고리즘검증완료
UB-S1동-3905,어반브릭스,S1동,3905호,39,25평,B,59.60,28080,16848,1000,1291,30371,9.5,7.0,7.0,8.25,A,N페이_연동_대기,추정_임대,오피스텔_알고리즘검증완료
UB-S2동-201,어반브릭스,S2동,201호,2,25평,A,59.50,26106,15663,1000,1200,28306,6.2,7.0,7.0,6.6,C,N페이_연동_대기,추정_임대,오피스텔_알고리즘검증완료
UB-S2동-202,어반브릭스,S2동,202호,2,10평,D,22.64,12049,7229,1000,554,13603,6.2,7.0,7.0,6.6,C,N페이_연동_대기,추정_임대,오피스텔_알고리즘검증완료
UB-S2동-203,어반브릭스,S2동,203호,2,17평,C,38.56,18073,10843,1000,831,19904,6.2,7.0,7.0,6.6,C,N페이_연동_대기,추정_임대,오피스텔_알고리즘검증완료
UB-S2동-204,어반브릭스,S2동,204호,2,25평,B,59.60,26106,15663,1000,1200,28306,6.2,7.0,7.0,6.6,C,N페이_연동_대기,추정_임대,오피스텔_알고리즘검증완료
UB-S2동-205,어반브릭스,S2동,205호,2,25평,B,59.60,26106,15663,1000,1200,28306,6.2,7.0,7.0,6.6,C,N페이_연동_대기,추정_임대,오피스텔_알고리즘검증완료
UB-S2동-301,어반브릭스,S2동,301호,3,25평,A,59.50,26160,15696,1000,1203,28363,6.3,7.0,7.0,6.65,C,N페이_연동_대기,추정_임대,오피스텔_알고리즘검증완료
UB-S2동-302,어반브릭스,S2동,302호,3,10평,D,22.64,12073,7243,1000,555,13628,6.3,7.0,7.0,6.65,C,N페이_연동_대기,추정_임대,오피스텔_알고리즘검증완료
UB-S2동-303,어반브릭스,S2동,303호,3,17평,C,38.56,18110,10866,1000,833,19943,6.3,7.0,7.0,6.65,C,N페이_연동_대기,추정_임대,오피스텔_알고리즘검증완료
UB-S2동-304,어반브릭스,S2동,304호,3,25평,B,59.60,26160,15696,1000,1203,28363,6.3,7.0,7.0,6.65,C,N페이_연동_대기,추정_임대,오피스텔_알고리즘검증완료
UB-S2동-305,어반브릭스,S2동,305호,3,25평,B,59.60,26160,15696,1000,1203,28363,6.3,7.0,7.0,6.65,C,N페이_연동_대기,추정_임대,오피스텔_알고리즘검증완료
UB-S2동-401,어반브릭스,S2동,401호,4,25평,A,59.50,26213,15727,1000,1205,28418,6.4,7.0,7.0,6.7,C,N페이_연동_대기,추정_임대,오피스텔_알고리즘검증완료
UB-S2동-402,어반브릭스,S2동,402호,4,10평,D,22.64,12098,7258,1000,556,13654,6.4,7.0,7.0,6.7,C,N페이_연동_대기,추정_임대,오피스텔_알고리즘검증완료
UB-S2동-403,어반브릭스,S2동,403호,4,17평,C,38.56,18147,10888,1000,834,19981,6.4,7.0,7.0,6.7,C,N페이_연동_대기,추정_임대,오피스텔_알고리즘검증완료
UB-S2동-404,어반브릭스,S2동,404호,4,25평,B,59.60,26213,15727,1000,1205,28418,6.4,7.0,7.0,6.7,C,N페이_연동_대기,추정_자가,오피스텔_알고리즘검증완료
UB-S2동-405,어반브릭스,S2동,405호,4,25평,B,59.60,26213,15727,1000,1205,28418,6.4,7.0,7.0,6.7,C,N페이_연동_대기,추정_임대,오피스텔_알고리즘검증완료
UB-S2동-501,어반브릭스,S2동,501호,5,25평,A,59.50,26266,15759,1000,1208,28474,6.4,7.0,7.0,6.7,C,N페이_연동_대기,추정_임대,오피스텔_알고리즘검증완료
UB-S2동-502,어반브릭스,S2동,502호,5,10평,D,22.64,12123,7273,1000,557,13680,6.4,7.0,7.0,6.7,C,N페이_연동_대기,추정_임대,오피스텔_알고리즘검증완료
UB-S2동-503,어반브릭스,S2동,503호,5,17평,C,38.56,18184,10910,1000,836,20020,6.4,7.0,7.0,6.7,C,N페이_연동_대기,추정_임대,오피스텔_알고리즘검증완료
UB-S2동-504,어반브릭스,S2동,504호,5,25평,B,59.60,26266,15759,1000,1208,28474,6.4,7.0,7.0,6.7,C,N페이_연동_대기,추정_임대,오피스텔_알고리즘검증완료
UB-S2동-505,어반브릭스,S2동,505호,5,25평,B,59.60,26266,15759,1000,1208,28474,6.4,7.0,7.0,6.7,C,N페이_연동_대기,추정_임대,오피스텔_알고리즘검증완료
UB-S2동-601,어반브릭스,S2동,601호,6,25평,A,59.50,26320,15792,1000,1210,28530,6.5,7.0,7.0,6.75,C,N페이_연동_대기,추정_임대,오피스텔_알고리즘검증완료
UB-S2동-602,어반브릭스,S2동,602호,6,10평,D,22.64,12147,7288,1000,558,13705,6.5,7.0,7.0,6.75,C,N페이_연동_대기,추정_임대,오피스텔_알고리즘검증완료
UB-S2동-603,어반브릭스,S2동,603호,6,17평,C,38.56,18221,10932,1000,838,20059,6.5,7.0,7.0,6.75,C,N페이_연동_대기,추정_임대,오피스텔_알고리즘검증완료
UB-S2동-604,어반브릭스,S2동,604호,6,25평,B,59.60,26320,15792,1000,1210,28530,6.5,7.0,7.0,6.75,C,N페이_연동_대기,추정_임대,오피스텔_알고리즘검증완료
UB-S2동-605,어반브릭스,S2동,605호,6,25평,B,59.60,26320,15792,1000,1210,28530,6.5,7.0,7.0,6.75,C,N페이_연동_대기,추정_임대,오피스텔_알고리즘검증완료
UB-S2동-701,어반브릭스,S2동,701호,7,25평,A,59.50,26373,15823,1000,1213,28586,6.6,7.0,7.0,6.8,C,N페이_연동_대기,추정_임대,오피스텔_알고리즘검증완료
UB-S2동-702,어반브릭스,S2동,702호,7,10평,D,22.64,12172,7303,1000,559,13731,6.6,7.0,7.0,6.8,C,N페이_연동_대기,추정_임대,오피스텔_알고리즘검증완료
UB-S2동-703,어반브릭스,S2동,703호,7,17평,C,38.56,18258,10954,1000,839,20097,6.6,7.0,7.0,6.8,C,N페이_연동_대기,추정_임대,오피스텔_알고리즘검증완료
UB-S2동-704,어반브릭스,S2동,704호,7,25평,B,59.60,26373,15823,1000,1213,28586,6.6,7.0,7.0,6.8,C,N페이_연동_대기,추정_임대,오피스텔_알고리즘검증완료
UB-S2동-705,어반브릭스,S2동,705호,7,25평,B,59.60,26373,15823,1000,1213,28586,6.6,7.0,7.0,6.8,C,N페이_연동_대기,추정_임대,오피스텔_알고리즘검증완료
UB-S2동-801,어반브릭스,S2동,801호,8,25평,A,59.50,26426,15855,1000,1215,28641,6.7,7.0,7.0,6.85,C,N페이_연동_대기,추정_임대,오피스텔_알고리즘검증완료
UB-S2동-802,어반브릭스,S2동,802호,8,10평,D,22.64,12196,7317,1000,561,13757,6.7,7.0,7.0,6.85,C,N페이_연동_대기,추정_임대,오피스텔_알고리즘검증완료
UB-S2동-803,어반브릭스,S2동,803호,8,17평,C,38.56,18295,10977,1000,841,20136,6.7,7.0,7.0,6.85,C,N페이_연동_대기,추정_임대,오피스텔_알고리즘검증완료
UB-S2동-804,어반브릭스,S2동,804호,8,25평,B,59.60,26426,15855,1000,1215,28641,6.7,7.0,7.0,6.85,C,N페이_연동_대기,추정_임대,오피스텔_알고리즘검증완료
UB-S2동-805,어반브릭스,S2동,805호,8,25평,B,59.60,26426,15855,1000,1215,28641,6.7,7.0,7.0,6.85,C,N페이_연동_대기,추정_임대,오피스텔_알고리즘검증완료
UB-S2동-901,어반브릭스,S2동,901호,9,25평,A,59.50,26480,15888,1000,1218,28698,6.8,7.0,7.0,6.9,C,N페이_연동_대기,추정_임대,오피스텔_알고리즘검증완료
UB-S2동-902,어반브릭스,S2동,902호,9,10평,D,22.64,12221,7332,1000,562,13783,6.8,7.0,7.0,6.9,C,N페이_연동_대기,추정_임대,오피스텔_알고리즘검증완료
UB-S2동-903,어반브릭스,S2동,903호,9,17평,C,38.56,18332,10999,1000,843,20175,6.8,7.0,7.0,6.9,C,N페이_연동_대기,추정_임대,오피스텔_알고리즘검증완료
UB-S2동-904,어반브릭스,S2동,904호,9,25평,B,59.60,26480,15888,1000,1218,28698,6.8,7.0,7.0,6.9,C,N페이_연동_대기,추정_임대,오피스텔_알고리즘검증완료
UB-S2동-905,어반브릭스,S2동,905호,9,25평,B,59.60,26480,15888,1000,1218,28698,6.8,7.0,7.0,6.9,C,N페이_연동_대기,추정_임대,오피스텔_알고리즘검증완료
UB-S2동-1001,어반브릭스,S2동,1001호,10,25평,A,59.50,26533,15919,1000,1220,28753,6.9,7.0,7.0,6.95,C,N페이_연동_대기,추정_임대,오피스텔_알고리즘검증완료
UB-S2동-1002,어반브릭스,S2동,1002호,10,10평,D,22.64,12246,7347,1000,563,13809,6.9,7.0,7.0,6.95,C,N페이_연동_대기,추정_임대,오피스텔_알고리즘검증완료
UB-S2동-1003,어반브릭스,S2동,1003호,10,17평,C,38.56,18369,11021,1000,844,20213,6.9,7.0,7.0,6.95,C,N페이_연동_대기,추정_임대,오피스텔_알고리즘검증완료
UB-S2동-1004,어반브릭스,S2동,1004호,10,25평,B,59.60,26533,15919,1000,1220,28753,6.9,7.0,7.0,6.95,C,N페이_연동_대기,추정_임대,오피스텔_알고리즘검증완료
UB-S2동-1005,어반브릭스,S2동,1005호,10,25평,B,59.60,26533,15919,1000,1220,28753,6.9,7.0,7.0,6.95,C,N페이_연동_대기,추정_임대,오피스텔_알고리즘검증완료
UB-S2동-1101,어반브릭스,S2동,1101호,11,25평,A,59.50,26586,15951,1000,1222,28808,7.0,7.0,7.0,7.0,B,N페이_연동_대기,추정_임대,오피스텔_알고리즘검증완료
UB-S2동-1102,어반브릭스,S2동,1102호,11,10평,D,22.64,12270,7362,1000,564,13834,7.0,7.0,7.0,7.0,B,N페이_연동_대기,추정_임대,오피스텔_알고리즘검증완료
UB-S2동-1103,어반브릭스,S2동,1103호,11,17평,C,38.56,18406,11043,1000,846,20252,7.0,7.0,7.0,7.0,B,N페이_연동_대기,추정_임대,오피스텔_알고리즘검증완료
UB-S2동-1104,어반브릭스,S2동,1104호,11,25평,B,59.60,26586,15951,1000,1222,28808,7.0,7.0,7.0,7.0,B,N페이_연동_대기,추정_임대,오피스텔_알고리즘검증완료
UB-S2동-1105,어반브릭스,S2동,1105호,11,25평,B,59.60,26586,15951,1000,1222,28808,7.0,7.0,7.0,7.0,B,N페이_연동_대기,추정_임대,오피스텔_알고리즘검증완료
UB-S2동-1201,어반브릭스,S2동,1201호,12,25평,A,59.50,26640,15984,1000,1225,28865,7.1,7.0,7.0,7.05,B,N페이_연동_대기,추정_임대,오피스텔_알고리즘검증완료
UB-S2동-1202,어반브릭스,S2동,1202호,12,10평,D,22.64,12295,7377,1000,565,13860,7.1,7.0,7.0,7.05,B,N페이_연동_대기,추정_임대,오피스텔_알고리즘검증완료
UB-S2동-1203,어반브릭스,S2동,1203호,12,17평,C,38.56,18443,11065,1000,848,20291,7.1,7.0,7.0,7.05,B,N페이_연동_대기,추정_임대,오피스텔_알고리즘검증완료
UB-S2동-1204,어반브릭스,S2동,1204호,12,25평,B,59.60,26640,15984,1000,1225,28865,7.1,7.0,7.0,7.05,B,N페이_연동_대기,추정_자가,오피스텔_알고리즘검증완료
UB-S2동-1205,어반브릭스,S2동,1205호,12,25평,B,59.60,26640,15984,1000,1225,28865,7.1,7.0,7.0,7.05,B,N페이_연동_대기,추정_임대,오피스텔_알고리즘검증완료
UB-S2동-1301,어반브릭스,S2동,1301호,13,25평,A,59.50,26693,16015,1000,1227,28920,7.2,7.0,7.0,7.1,B,N페이_연동_대기,추정_임대,오피스텔_알고리즘검증완료
UB-S2동-1302,어반브릭스,S2동,1302호,13,10평,D,22.64,12320,7392,1000,566,13886,7.2,7.0,7.0,7.1,B,N페이_연동_대기,추정_임대,오피스텔_알고리즘검증완료
UB-S2동-1303,어반브릭스,S2동,1303호,13,17평,C,38.56,18480,11088,1000,850,20330,7.2,7.0,7.0,7.1,B,N페이_연동_대기,추정_임대,오피스텔_알고리즘검증완료
UB-S2동-1304,어반브릭스,S2동,1304호,13,25평,B,59.60,26693,16015,1000,1227,28920,7.2,7.0,7.0,7.1,B,N페이_연동_대기,추정_임대,오피스텔_알고리즘검증완료
UB-S2동-1305,어반브릭스,S2동,1305호,13,25평,B,59.60,26693,16015,1000,1227,28920,7.2,7.0,7.0,7.1,B,N페이_연동_대기,추정_임대,오피스텔_알고리즘검증완료
UB-S2동-1401,어반브릭스,S2동,1401호,14,25평,A,59.50,26746,16047,1000,1230,28976,7.3,7.0,7.0,7.15,B,N페이_연동_대기,추정_임대,오피스텔_알고리즘검증완료
UB-S2동-1402,어반브릭스,S2동,1402호,14,10평,D,22.64,12344,7406,1000,567,13911,7.3,7.0,7.0,7.15,B,N페이_연동_대기,추정_임대,오피스텔_알고리즘검증완료
UB-S2동-1403,어반브릭스,S2동,1403호,14,17평,C,38.56,18516,11109,1000,851,20367,7.3,7.0,7.0,7.15,B,N페이_연동_대기,추정_임대,오피스텔_알고리즘검증완료
UB-S2동-1404,어반브릭스,S2동,1404호,14,25평,B,59.60,26746,16047,1000,1230,28976,7.3,7.0,7.0,7.15,B,N페이_연동_대기,추정_임대,오피스텔_알고리즘검증완료
UB-S2동-1405,어반브릭스,S2동,1405호,14,25평,B,59.60,26746,16047,1000,1230,28976,7.3,7.0,7.0,7.15,B,N페이_연동_대기,추정_임대,오피스텔_알고리즘검증완료
UB-S2동-1501,어반브릭스,S2동,1501호,15,25평,A,59.50,26799,16079,1000,1232,29031,7.3,7.0,7.0,7.15,B,N페이_연동_대기,추정_임대,오피스텔_알고리즘검증완료
UB-S2동-1502,어반브릭스,S2동,1502호,15,10평,D,22.64,12369,7421,1000,568,13937,7.3,7.0,7.0,7.15,B,N페이_연동_대기,추정_임대,오피스텔_알고리즘검증완료
UB-S2동-1503,어반브릭스,S2동,1503호,15,17평,C,38.56,18553,11131,1000,853,20406,7.3,7.0,7.0,7.15,B,N페이_연동_대기,추정_임대,오피스텔_알고리즘검증완료
UB-S2동-1504,어반브릭스,S2동,1504호,15,25평,B,59.60,26799,16079,1000,1232,29031,7.3,7.0,7.0,7.15,B,N페이_연동_대기,추정_임대,오피스텔_알고리즘검증완료
UB-S2동-1505,어반브릭스,S2동,1505호,15,25평,B,59.60,26799,16079,1000,1232,29031,7.3,7.0,7.0,7.15,B,N페이_연동_대기,추정_임대,오피스텔_알고리즘검증완료
UB-S2동-1601,어반브릭스,S2동,1601호,16,25평,A,59.50,26853,16111,1000,1235,29088,7.4,7.0,7.0,7.2,B,N페이_연동_대기,추정_임대,오피스텔_알고리즘검증완료
UB-S2동-1602,어반브릭스,S2동,1602호,16,10평,D,22.64,12393,7435,1000,570,13963,7.4,7.0,7.0,7.2,B,N페이_연동_대기,추정_임대,오피스텔_알고리즘검증완료
UB-S2동-1603,어반브릭스,S2동,1603호,16,17평,C,38.56,18590,11154,1000,855,20445,7.4,7.0,7.0,7.2,B,N페이_연동_대기,추정_임대,오피스텔_알고리즘검증완료
UB-S2동-1604,어반브릭스,S2동,1604호,16,25평,B,59.60,26853,16111,1000,1235,29088,7.4,7.0,7.0,7.2,B,N페이_연동_대기,추정_임대,오피스텔_알고리즘검증완료
UB-S2동-1605,어반브릭스,S2동,1605호,16,25평,B,59.60,26853,16111,1000,1235,29088,7.4,7.0,7.0,7.2,B,N페이_연동_대기,추정_임대,오피스텔_알고리즘검증완료
UB-S2동-1701,어반브릭스,S2동,1701호,17,25평,A,59.50,26906,16143,1000,1237,29143,7.5,7.0,7.0,7.25,B,N페이_연동_대기,추정_임대,오피스텔_알고리즘검증완료
UB-S2동-1702,어반브릭스,S2동,1702호,17,10평,D,22.64,12418,7450,1000,571,13989,7.5,7.0,7.0,7.25,B,N페이_연동_대기,추정_임대,오피스텔_알고리즘검증완료
UB-S2동-1703,어반브릭스,S2동,1703호,17,17평,C,38.56,18627,11176,1000,856,20483,7.5,7.0,7.0,7.25,B,N페이_연동_대기,추정_임대,오피스텔_알고리즘검증완료
UB-S2동-1704,어반브릭스,S2동,1704호,17,25평,B,59.60,26906,16143,1000,1237,29143,7.5,7.0,7.0,7.25,B,N페이_연동_대기,추정_임대,오피스텔_알고리즘검증완료
UB-S2동-1705,어반브릭스,S2동,1705호,17,25평,B,59.60,26906,16143,1000,1237,29143,7.5,7.0,7.0,7.25,B,N페이_연동_대기,추정_임대,오피스텔_알고리즘검증완료
UB-S2동-1801,어반브릭스,S2동,1801호,18,25평,A,59.50,26959,16175,1000,1240,29199,7.6,7.0,7.0,7.3,B,N페이_연동_대기,추정_임대,오피스텔_알고리즘검증완료
UB-S2동-1802,어반브릭스,S2동,1802호,18,10평,D,22.64,12443,7465,1000,572,14015,7.6,7.0,7.0,7.3,B,N페이_연동_대기,추정_임대,오피스텔_알고리즘검증완료
UB-S2동-1803,어반브릭스,S2동,1803호,18,17평,C,38.56,18664,11198,1000,858,20522,7.6,7.0,7.0,7.3,B,N페이_연동_대기,추정_임대,오피스텔_알고리즘검증완료
UB-S2동-1804,어반브릭스,S2동,1804호,18,25평,B,59.60,26959,16175,1000,1240,29199,7.6,7.0,7.0,7.3,B,N페이_연동_대기,추정_임대,오피스텔_알고리즘검증완료
UB-S2동-1805,어반브릭스,S2동,1805호,18,25평,B,59.60,26959,16175,1000,1240,29199,7.6,7.0,7.0,7.3,B,N페이_연동_대기,추정_임대,오피스텔_알고리즘검증완료
UB-S2동-1901,어반브릭스,S2동,1901호,19,25평,A,59.50,27013,16207,1000,1242,29255,7.7,7.0,7.0,7.35,B,N페이_연동_대기,추정_임대,오피스텔_알고리즘검증완료
UB-S2동-1902,어반브릭스,S2동,1902호,19,10평,D,22.64,12467,7480,1000,573,14040,7.7,7.0,7.0,7.35,B,N페이_연동_대기,추정_임대,오피스텔_알고리즘검증완료
UB-S2동-1903,어반브릭스,S2동,1903호,19,17평,C,38.56,18701,11220,1000,860,20561,7.7,7.0,7.0,7.35,B,N페이_연동_대기,추정_임대,오피스텔_알고리즘검증완료
UB-S2동-1904,어반브릭스,S2동,1904호,19,25평,B,59.60,27013,16207,1000,1242,29255,7.7,7.0,7.0,7.35,B,N페이_연동_대기,추정_임대,오피스텔_알고리즘검증완료
UB-S2동-1905,어반브릭스,S2동,1905호,19,25평,B,59.60,27013,16207,1000,1242,29255,7.7,7.0,7.0,7.35,B,N페이_연동_대기,추정_임대,오피스텔_알고리즘검증완료
UB-S2동-2001,어반브릭스,S2동,2001호,20,25평,A,59.50,27066,16239,1000,1245,29311,7.8,7.0,7.0,7.4,B,N페이_연동_대기,추정_임대,오피스텔_알고리즘검증완료
UB-S2동-2002,어반브릭스,S2동,2002호,20,10평,D,22.64,12492,7495,1000,574,14066,7.8,7.0,7.0,7.4,B,N페이_연동_대기,추정_임대,오피스텔_알고리즘검증완료
UB-S2동-2003,어반브릭스,S2동,2003호,20,17평,C,38.56,18738,11242,1000,861,20599,7.8,7.0,7.0,7.4,B,N페이_연동_대기,추정_임대,오피스텔_알고리즘검증완료
UB-S2동-2004,어반브릭스,S2동,2004호,20,25평,B,59.60,27066,16239,1000,1245,29311,7.8,7.0,7.0,7.4,B,N페이_연동_대기,추정_임대,오피스텔_알고리즘검증완료
UB-S2동-2005,어반브릭스,S2동,2005호,20,25평,B,59.60,27066,16239,1000,1245,29311,7.8,7.0,7.0,7.4,B,N페이_연동_대기,추정_임대,오피스텔_알고리즘검증완료
UB-S2동-2101,어반브릭스,S2동,2101호,21,25평,A,59.50,27120,16272,1000,1247,29367,7.9,7.0,7.0,7.45,B,N페이_연동_대기,추정_임대,오피스텔_알고리즘검증완료
UB-S2동-2102,어반브릭스,S2동,2102호,21,10평,D,22.64,12516,7509,1000,575,14091,7.9,7.0,7.0,7.45,B,N페이_연동_대기,추정_임대,오피스텔_알고리즘검증완료
UB-S2동-2103,어반브릭스,S2동,2103호,21,17평,C,38.56,18775,11265,1000,863,20638,7.9,7.0,7.0,7.45,B,N페이_연동_대기,추정_임대,오피스텔_알고리즘검증완료
UB-S2동-2104,어반브릭스,S2동,2104호,21,25평,B,59.60,27120,16272,1000,1247,29367,7.9,7.0,7.0,7.45,B,N페이_연동_대기,추정_임대,오피스텔_알고리즘검증완료
UB-S2동-2105,어반브릭스,S2동,2105호,21,25평,B,59.60,27120,16272,1000,1247,29367,7.9,7.0,7.0,7.45,B,N페이_연동_대기,추정_임대,오피스텔_알고리즘검증완료
UB-S2동-2201,어반브릭스,S2동,2201호,22,25평,A,59.50,27173,16303,1000,1249,29422,8.0,7.0,7.0,7.5,B+,N페이_연동_대기,추정_임대,오피스텔_알고리즘검증완료
UB-S2동-2202,어반브릭스,S2동,2202호,22,10평,D,22.64,12541,7524,1000,576,14117,8.0,7.0,7.0,7.5,B+,N페이_연동_대기,추정_임대,오피스텔_알고리즘검증완료
UB-S2동-2203,어반브릭스,S2동,2203호,22,17평,C,38.56,18812,11287,1000,865,20677,8.0,7.0,7.0,7.5,B+,N페이_연동_대기,추정_임대,오피스텔_알고리즘검증완료
UB-S2동-2204,어반브릭스,S2동,2204호,22,25평,B,59.60,27173,16303,1000,1249,29422,8.0,7.0,7.0,7.5,B+,N페이_연동_대기,추정_자가,오피스텔_알고리즘검증완료
UB-S2동-2205,어반브릭스,S2동,2205호,22,25평,B,59.60,27173,16303,1000,1249,29422,8.0,7.0,7.0,7.5,B+,N페이_연동_대기,추정_임대,오피스텔_알고리즘검증완료
UB-S2동-2301,어반브릭스,S2동,2301호,23,25평,A,59.50,27226,16335,1000,1252,29478,8.1,7.0,7.0,7.55,B+,N페이_연동_대기,추정_임대,오피스텔_알고리즘검증완료
UB-S2동-2302,어반브릭스,S2동,2302호,23,10평,D,22.64,12566,7539,1000,578,14144,8.1,7.0,7.0,7.55,B+,N페이_연동_대기,추정_임대,오피스텔_알고리즘검증완료
UB-S2동-2303,어반브릭스,S2동,2303호,23,17평,C,38.56,18849,11309,1000,867,20716,8.1,7.0,7.0,7.55,B+,N페이_연동_대기,추정_임대,오피스텔_알고리즘검증완료
UB-S2동-2304,어반브릭스,S2동,2304호,23,25평,B,59.60,27226,16335,1000,1252,29478,8.1,7.0,7.0,7.55,B+,N페이_연동_대기,추정_임대,오피스텔_알고리즘검증완료
UB-S2동-2305,어반브릭스,S2동,2305호,23,25평,B,59.60,27226,16335,1000,1252,29478,8.1,7.0,7.0,7.55,B+,N페이_연동_대기,추정_임대,오피스텔_알고리즘검증완료
UB-S2동-2401,어반브릭스,S2동,2401호,24,25평,A,59.50,27280,16368,1000,1254,29534,8.2,7.0,7.0,7.6,B+,N페이_연동_대기,추정_임대,오피스텔_알고리즘검증완료
UB-S2동-2402,어반브릭스,S2동,2402호,24,10평,D,22.64,12590,7554,1000,579,14169,8.2,7.0,7.0,7.6,B+,N페이_연동_대기,추정_임대,오피스텔_알고리즘검증완료
UB-S2동-2403,어반브릭스,S2동,2403호,24,17평,C,38.56,18886,11331,1000,868,20754,8.2,7.0,7.0,7.6,B+,N페이_연동_대기,추정_임대,오피스텔_알고리즘검증완료
UB-S2동-2404,어반브릭스,S2동,2404호,24,25평,B,59.60,27280,16368,1000,1254,29534,8.2,7.0,7.0,7.6,B+,N페이_연동_대기,추정_임대,오피스텔_알고리즘검증완료
UB-S2동-2405,어반브릭스,S2동,2405호,24,25평,B,59.60,27280,16368,1000,1254,29534,8.2,7.0,7.0,7.6,B+,N페이_연동_대기,추정_임대,오피스텔_알고리즘검증완료
UB-S2동-2501,어반브릭스,S2동,2501호,25,25평,A,59.50,27333,16399,1000,1257,29590,8.2,7.0,7.0,7.6,B+,N페이_연동_대기,추정_임대,오피스텔_알고리즘검증완료
UB-S2동-2502,어반브릭스,S2동,2502호,25,10평,D,22.64,12615,7569,1000,580,14195,8.2,7.0,7.0,7.6,B+,N페이_연동_대기,추정_임대,오피스텔_알고리즘검증완료
UB-S2동-2503,어반브릭스,S2동,2503호,25,17평,C,38.56,18923,11353,1000,870,20793,8.2,7.0,7.0,7.6,B+,N페이_연동_대기,추정_임대,오피스텔_알고리즘검증완료
UB-S2동-2504,어반브릭스,S2동,2504호,25,25평,B,59.60,27333,16399,1000,1257,29590,8.2,7.0,7.0,7.6,B+,N페이_연동_대기,추정_임대,오피스텔_알고리즘검증완료
UB-S2동-2505,어반브릭스,S2동,2505호,25,25평,B,59.60,27333,16399,1000,1257,29590,8.2,7.0,7.0,7.6,B+,N페이_연동_대기,추정_임대,오피스텔_알고리즘검증완료
UB-S2동-2601,어반브릭스,S2동,2601호,26,25평,A,59.50,27386,16431,1000,1259,29645,8.3,7.0,7.0,7.65,B+,N페이_연동_대기,추정_임대,오피스텔_알고리즘검증완료
UB-S2동-2602,어반브릭스,S2동,2602호,26,10평,D,22.64,12639,7583,1000,581,14220,8.3,7.0,7.0,7.65,B+,N페이_연동_대기,추정_임대,오피스텔_알고리즘검증완료
UB-S2동-2603,어반브릭스,S2동,2603호,26,17평,C,38.56,18960,11376,1000,872,20832,8.3,7.0,7.0,7.65,B+,N페이_연동_대기,추정_임대,오피스텔_알고리즘검증완료
UB-S2동-2604,어반브릭스,S2동,2604호,26,25평,B,59.60,27386,16431,1000,1259,29645,8.3,7.0,7.0,7.65,B+,N페이_연동_대기,추정_임대,오피스텔_알고리즘검증완료
UB-S2동-2605,어반브릭스,S2동,2605호,26,25평,B,59.60,27386,16431,1000,1259,29645,8.3,7.0,7.0,7.65,B+,N페이_연동_대기,추정_임대,오피스텔_알고리즘검증완료
UB-S2동-2701,어반브릭스,S2동,2701호,27,25평,A,59.50,27440,16464,1000,1262,29702,8.4,7.0,7.0,7.7,B+,N페이_연동_대기,추정_임대,오피스텔_알고리즘검증완료
UB-S2동-2702,어반브릭스,S2동,2702호,27,10평,D,22.64,12664,7598,1000,582,14246,8.4,7.0,7.0,7.7,B+,N페이_연동_대기,추정_임대,오피스텔_알고리즘검증완료
UB-S2동-2703,어반브릭스,S2동,2703호,27,17평,C,38.56,18996,11397,1000,873,20869,8.4,7.0,7.0,7.7,B+,N페이_연동_대기,추정_임대,오피스텔_알고리즘검증완료
UB-S2동-2704,어반브릭스,S2동,2704호,27,25평,B,59.60,27440,16464,1000,1262,29702,8.4,7.0,7.0,7.7,B+,N페이_연동_대기,추정_임대,오피스텔_알고리즘검증완료
UB-S2동-2705,어반브릭스,S2동,2705호,27,25평,B,59.60,27440,16464,1000,1262,29702,8.4,7.0,7.0,7.7,B+,N페이_연동_대기,추정_임대,오피스텔_알고리즘검증완료
UB-S2동-2801,어반브릭스,S2동,2801호,28,25평,A,59.50,27493,16495,1000,1264,29757,8.5,7.0,7.0,7.75,B+,N페이_연동_대기,추정_임대,오피스텔_알고리즘검증완료
UB-S2동-2802,어반브릭스,S2동,2802호,28,10평,D,22.64,12689,7613,1000,583,14272,8.5,7.0,7.0,7.75,B+,N페이_연동_대기,추정_임대,오피스텔_알고리즘검증완료
UB-S2동-2803,어반브릭스,S2동,2803호,28,17평,C,38.56,19033,11419,1000,875,20908,8.5,7.0,7.0,7.75,B+,N페이_연동_대기,추정_임대,오피스텔_알고리즘검증완료
UB-S2동-2804,어반브릭스,S2동,2804호,28,25평,B,59.60,27493,16495,1000,1264,29757,8.5,7.0,7.0,7.75,B+,N페이_연동_대기,추정_자가,오피스텔_알고리즘검증완료
UB-S2동-2805,어반브릭스,S2동,2805호,28,25평,B,59.60,27493,16495,1000,1264,29757,8.5,7.0,7.0,7.75,B+,N페이_연동_대기,추정_임대,오피스텔_알고리즘검증완료
UB-S2동-2901,어반브릭스,S2동,2901호,29,25평,A,59.50,27546,16527,1000,1267,29813,8.6,7.0,7.0,7.8,B+,N페이_연동_대기,추정_임대,오피스텔_알고리즘검증완료
UB-S2동-2902,어반브릭스,S2동,2902호,29,10평,D,22.64,12713,7627,1000,584,14297,8.6,7.0,7.0,7.8,B+,N페이_연동_대기,추정_임대,오피스텔_알고리즘검증완료
UB-S2동-2903,어반브릭스,S2동,2903호,29,17평,C,38.56,19070,11442,1000,877,20947,8.6,7.0,7.0,7.8,B+,N페이_연동_대기,추정_임대,오피스텔_알고리즘검증완료
UB-S2동-2904,어반브릭스,S2동,2904호,29,25평,B,59.60,27546,16527,1000,1267,29813,8.6,7.0,7.0,7.8,B+,N페이_연동_대기,추정_임대,오피스텔_알고리즘검증완료
UB-S2동-2905,어반브릭스,S2동,2905호,29,25평,B,59.60,27546,16527,1000,1267,29813,8.6,7.0,7.0,7.8,B+,N페이_연동_대기,추정_임대,오피스텔_알고리즘검증완료
UB-S2동-3001,어반브릭스,S2동,3001호,30,25평,A,59.50,27600,16560,1000,1269,29869,8.7,7.0,7.0,7.85,B+,N페이_연동_대기,추정_임대,오피스텔_알고리즘검증완료
UB-S2동-3002,어반브릭스,S2동,3002호,30,10평,D,22.64,12738,7642,1000,585,14323,8.7,7.0,7.0,7.85,B+,N페이_연동_대기,추정_임대,오피스텔_알고리즘검증완료
UB-S2동-3003,어반브릭스,S2동,3003호,30,17평,C,38.56,19107,11464,1000,878,20985,8.7,7.0,7.0,7.85,B+,N페이_연동_대기,추정_임대,오피스텔_알고리즘검증완료
UB-S2동-3004,어반브릭스,S2동,3004호,30,25평,B,59.60,27600,16560,1000,1269,29869,8.7,7.0,7.0,7.85,B+,N페이_연동_대기,추정_임대,오피스텔_알고리즘검증완료
UB-S2동-3005,어반브릭스,S2동,3005호,30,25평,B,59.60,27600,16560,1000,1269,29869,8.7,7.0,7.0,7.85,B+,N페이_연동_대기,추정_임대,오피스텔_알고리즘검증완료
UB-S2동-3101,어반브릭스,S2동,3101호,31,25평,A,59.50,27653,16591,1000,1272,29925,8.8,7.0,7.0,7.9,B+,N페이_연동_대기,추정_임대,오피스텔_알고리즘검증완료
UB-S2동-3102,어반브릭스,S2동,3102호,31,10평,D,22.64,12763,7657,1000,587,14350,8.8,7.0,7.0,7.9,B+,N페이_연동_대기,추정_임대,오피스텔_알고리즘검증완료
UB-S2동-3103,어반브릭스,S2동,3103호,31,17평,C,38.56,19144,11486,1000,880,21024,8.8,7.0,7.0,7.9,B+,N페이_연동_대기,추정_임대,오피스텔_알고리즘검증완료
UB-S2동-3104,어반브릭스,S2동,3104호,31,25평,B,59.60,27653,16591,1000,1272,29925,8.8,7.0,7.0,7.9,B+,N페이_연동_대기,추정_임대,오피스텔_알고리즘검증완료
UB-S2동-3105,어반브릭스,S2동,3105호,31,25평,B,59.60,27653,16591,1000,1272,29925,8.8,7.0,7.0,7.9,B+,N페이_연동_대기,추정_임대,오피스텔_알고리즘검증완료
UB-S2동-3201,어반브릭스,S2동,3201호,32,25평,A,59.50,27706,16623,1000,1274,29980,8.9,7.0,7.0,7.95,B+,N페이_연동_대기,추정_임대,오피스텔_알고리즘검증완료
UB-S2동-3202,어반브릭스,S2동,3202호,32,10평,D,22.64,12787,7672,1000,588,14375,8.9,7.0,7.0,7.95,B+,N페이_연동_대기,추정_임대,오피스텔_알고리즘검증완료
UB-S2동-3203,어반브릭스,S2동,3203호,32,17평,C,38.56,19181,11508,1000,882,21063,8.9,7.0,7.0,7.95,B+,N페이_연동_대기,추정_임대,오피스텔_알고리즘검증완료
UB-S2동-3204,어반브릭스,S2동,3204호,32,25평,B,59.60,27706,16623,1000,1274,29980,8.9,7.0,7.0,7.95,B+,N페이_연동_대기,추정_임대,오피스텔_알고리즘검증완료
UB-S2동-3205,어반브릭스,S2동,3205호,32,25평,B,59.60,27706,16623,1000,1274,29980,8.9,7.0,7.0,7.95,B+,N페이_연동_대기,추정_임대,오피스텔_알고리즘검증완료
UB-S2동-3301,어반브릭스,S2동,3301호,33,25평,A,59.50,27760,16656,1000,1276,30036,9.0,7.0,7.0,8.0,A,N페이_연동_대기,추정_임대,오피스텔_알고리즘검증완료
UB-S2동-3302,어반브릭스,S2동,3302호,33,10평,D,22.64,12812,7687,1000,589,14401,9.0,7.0,7.0,8.0,A,N페이_연동_대기,추정_임대,오피스텔_알고리즘검증완료
UB-S2동-3303,어반브릭스,S2동,3303호,33,17평,C,38.56,19218,11530,1000,884,21102,9.0,7.0,7.0,8.0,A,N페이_연동_대기,추정_임대,오피스텔_알고리즘검증완료
UB-S2동-3304,어반브릭스,S2동,3304호,33,25평,B,59.60,27760,16656,1000,1276,30036,9.0,7.0,7.0,8.0,A,N페이_연동_대기,추정_임대,오피스텔_알고리즘검증완료
UB-S2동-3305,어반브릭스,S2동,3305호,33,25평,B,59.60,27760,16656,1000,1276,30036,9.0,7.0,7.0,8.0,A,N페이_연동_대기,추정_임대,오피스텔_알고리즘검증완료
UB-S2동-3401,어반브릭스,S2동,3401호,34,25평,A,59.50,27813,16687,1000,1279,30092,9.1,7.0,7.0,8.05,A,N페이_연동_대기,추정_임대,오피스텔_알고리즘검증완료
UB-S2동-3402,어반브릭스,S2동,3402호,34,10평,D,22.64,12836,7701,1000,590,14426,9.1,7.0,7.0,8.05,A,N페이_연동_대기,추정_임대,오피스텔_알고리즘검증완료
UB-S2동-3403,어반브릭스,S2동,3403호,34,17평,C,38.56,19255,11553,1000,885,21140,9.1,7.0,7.0,8.05,A,N페이_연동_대기,추정_임대,오피스텔_알고리즘검증완료
UB-S2동-3404,어반브릭스,S2동,3404호,34,25평,B,59.60,27813,16687,1000,1279,30092,9.1,7.0,7.0,8.05,A,N페이_연동_대기,추정_임대,오피스텔_알고리즘검증완료
UB-S2동-3405,어반브릭스,S2동,3405호,34,25평,B,59.60,27813,16687,1000,1279,30092,9.1,7.0,7.0,8.05,A,N페이_연동_대기,추정_임대,오피스텔_알고리즘검증완료
UB-S2동-3501,어반브릭스,S2동,3501호,35,25평,A,59.50,27866,16719,1000,1281,30147,9.1,7.0,7.0,8.05,A,N페이_연동_대기,추정_임대,오피스텔_알고리즘검증완료
UB-S2동-3502,어반브릭스,S2동,3502호,35,10평,D,22.64,12861,7716,1000,591,14452,9.1,7.0,7.0,8.05,A,N페이_연동_대기,추정_임대,오피스텔_알고리즘검증완료
UB-S2동-3503,어반브릭스,S2동,3503호,35,17평,C,38.56,19292,11575,1000,887,21179,9.1,7.0,7.0,8.05,A,N페이_연동_대기,추정_임대,오피스텔_알고리즘검증완료
UB-S2동-3504,어반브릭스,S2동,3504호,35,25평,B,59.60,27866,16719,1000,1281,30147,9.1,7.0,7.0,8.05,A,N페이_연동_대기,추정_자가,오피스텔_알고리즘검증완료
UB-S2동-3505,어반브릭스,S2동,3505호,35,25평,B,59.60,27866,16719,1000,1281,30147,9.1,7.0,7.0,8.05,A,N페이_연동_대기,추정_임대,오피스텔_알고리즘검증완료
UB-S2동-3601,어반브릭스,S2동,3601호,36,25평,A,59.50,27920,16752,1000,1284,30204,9.2,7.0,7.0,8.1,A,N페이_연동_대기,추정_임대,오피스텔_알고리즘검증완료
UB-S2동-3602,어반브릭스,S2동,3602호,36,25평,B,59.60,27920,16752,1000,1284,30204,9.2,7.0,7.0,8.1,A,N페이_연동_대기,추정_임대,오피스텔_알고리즘검증완료
UB-S2동-3603,어반브릭스,S2동,3603호,36,25평,B,59.60,27920,16752,1000,1284,30204,9.2,7.0,7.0,8.1,A,N페이_연동_대기,추정_임대,오피스텔_알고리즘검증완료
UB-S2동-3604,어반브릭스,S2동,3604호,36,25평,B,59.60,27920,16752,1000,1284,30204,9.2,7.0,7.0,8.1,A,N페이_연동_대기,추정_임대,오피스텔_알고리즘검증완료
UB-S2동-3605,어반브릭스,S2동,3605호,36,25평,B,59.60,27920,16752,1000,1284,30204,9.2,7.0,7.0,8.1,A,N페이_연동_대기,추정_임대,오피스텔_알고리즘검증완료
UB-S2동-3701,어반브릭스,S2동,3701호,37,25평,A,59.50,27973,16783,1000,1286,30259,9.3,7.0,7.0,8.15,A,N페이_연동_대기,추정_임대,오피스텔_알고리즘검증완료
UB-S2동-3702,어반브릭스,S2동,3702호,37,25평,B,59.60,27973,16783,1000,1286,30259,9.3,7.0,7.0,8.15,A,N페이_연동_대기,추정_임대,오피스텔_알고리즘검증완료
UB-S2동-3703,어반브릭스,S2동,3703호,37,25평,B,59.60,27973,16783,1000,1286,30259,9.3,7.0,7.0,8.15,A,N페이_연동_대기,추정_임대,오피스텔_알고리즘검증완료
UB-S2동-3704,어반브릭스,S2동,3704호,37,25평,B,59.60,27973,16783,1000,1286,30259,9.3,7.0,7.0,8.15,A,N페이_연동_대기,추정_임대,오피스텔_알고리즘검증완료
UB-S2동-3705,어반브릭스,S2동,3705호,37,25평,B,59.60,27973,16783,1000,1286,30259,9.3,7.0,7.0,8.15,A,N페이_연동_대기,추정_임대,오피스텔_알고리즘검증완료
UB-S2동-3801,어반브릭스,S2동,3801호,38,25평,A,59.50,28026,16815,1000,1289,30315,9.4,7.0,7.0,8.2,A,N페이_연동_대기,추정_임대,오피스텔_알고리즘검증완료
UB-S2동-3802,어반브릭스,S2동,3802호,38,25평,B,59.60,28026,16815,1000,1289,30315,9.4,7.0,7.0,8.2,A,N페이_연동_대기,추정_임대,오피스텔_알고리즘검증완료
UB-S2동-3803,어반브릭스,S2동,3803호,38,25평,B,59.60,28026,16815,1000,1289,30315,9.4,7.0,7.0,8.2,A,N페이_연동_대기,추정_임대,오피스텔_알고리즘검증완료
UB-S2동-3804,어반브릭스,S2동,3804호,38,25평,B,59.60,28026,16815,1000,1289,30315,9.4,7.0,7.0,8.2,A,N페이_연동_대기,추정_임대,오피스텔_알고리즘검증완료
UB-S2동-3805,어반브릭스,S2동,3805호,38,25평,B,59.60,28026,16815,1000,1289,30315,9.4,7.0,7.0,8.2,A,N페이_연동_대기,추정_임대,오피스텔_알고리즘검증완료
UB-S2동-3901,어반브릭스,S2동,3901호,39,25평,A,59.50,28080,16848,1000,1291,30371,9.5,7.0,7.0,8.25,A,N페이_연동_대기,추정_임대,오피스텔_알고리즘검증완료
UB-S2동-3902,어반브릭스,S2동,3902호,39,25평,B,59.60,28080,16848,1000,1291,30371,9.5,7.0,7.0,8.25,A,N페이_연동_대기,추정_임대,오피스텔_알고리즘검증완료
UB-S2동-3903,어반브릭스,S2동,3903호,39,25평,B,59.60,28080,16848,1000,1291,30371,9.5,7.0,7.0,8.25,A,N페이_연동_대기,추정_임대,오피스텔_알고리즘검증완료
UB-S2동-3904,어반브릭스,S2동,3904호,39,25평,B,59.60,28080,16848,1000,1291,30371,9.5,7.0,7.0,8.25,A,N페이_연동_대기,추정_임대,오피스텔_알고리즘검증완료
UB-S2동-3905,어반브릭스,S2동,3905호,39,25평,B,59.60,28080,16848,1000,1291,30371,9.5,7.0,7.0,8.25,A,N페이_연동_대기,추정_임대,오피스텔_알고리즘검증완료
UB-S3동-201,어반브릭스,S3동,201호,2,25평,A,59.50,26106,15663,1000,1200,28306,6.2,7.0,7.0,6.6,C,N페이_연동_대기,추정_임대,오피스텔_알고리즘검증완료
UB-S3동-202,어반브릭스,S3동,202호,2,25평,B,59.60,26106,15663,1000,1200,28306,6.2,7.0,7.0,6.6,C,N페이_연동_대기,추정_임대,오피스텔_알고리즘검증완료
UB-S3동-203,어반브릭스,S3동,203호,2,25평,B,59.60,26106,15663,1000,1200,28306,6.2,7.0,7.0,6.6,C,N페이_연동_대기,추정_임대,오피스텔_알고리즘검증완료
UB-S3동-204,어반브릭스,S3동,204호,2,25평,B,59.60,26106,15663,1000,1200,28306,6.2,7.0,7.0,6.6,C,N페이_연동_대기,추정_임대,오피스텔_알고리즘검증완료
UB-S3동-205,어반브릭스,S3동,205호,2,25평,B,59.60,26106,15663,1000,1200,28306,6.2,7.0,7.0,6.6,C,N페이_연동_대기,추정_임대,오피스텔_알고리즘검증완료
UB-S3동-301,어반브릭스,S3동,301호,3,25평,A,59.50,26160,15696,1000,1203,28363,6.3,7.0,7.0,6.65,C,N페이_연동_대기,추정_임대,오피스텔_알고리즘검증완료
UB-S3동-302,어반브릭스,S3동,302호,3,25평,B,59.60,26160,15696,1000,1203,28363,6.3,7.0,7.0,6.65,C,N페이_연동_대기,추정_임대,오피스텔_알고리즘검증완료
UB-S3동-303,어반브릭스,S3동,303호,3,25평,B,59.60,26160,15696,1000,1203,28363,6.3,7.0,7.0,6.65,C,N페이_연동_대기,추정_임대,오피스텔_알고리즘검증완료
UB-S3동-304,어반브릭스,S3동,304호,3,25평,B,59.60,26160,15696,1000,1203,28363,6.3,7.0,7.0,6.65,C,N페이_연동_대기,추정_임대,오피스텔_알고리즘검증완료
UB-S3동-305,어반브릭스,S3동,305호,3,25평,B,59.60,26160,15696,1000,1203,28363,6.3,7.0,7.0,6.65,C,N페이_연동_대기,추정_임대,오피스텔_알고리즘검증완료
UB-S3동-401,어반브릭스,S3동,401호,4,25평,A,59.50,26213,15727,1000,1205,28418,6.4,7.0,7.0,6.7,C,N페이_연동_대기,추정_임대,오피스텔_알고리즘검증완료
UB-S3동-402,어반브릭스,S3동,402호,4,25평,B,59.60,26213,15727,1000,1205,28418,6.4,7.0,7.0,6.7,C,N페이_연동_대기,추정_임대,오피스텔_알고리즘검증완료
UB-S3동-403,어반브릭스,S3동,403호,4,25평,B,59.60,26213,15727,1000,1205,28418,6.4,7.0,7.0,6.7,C,N페이_연동_대기,추정_임대,오피스텔_알고리즘검증완료
UB-S3동-404,어반브릭스,S3동,404호,4,25평,B,59.60,26213,15727,1000,1205,28418,6.4,7.0,7.0,6.7,C,N페이_연동_대기,추정_자가,오피스텔_알고리즘검증완료
UB-S3동-405,어반브릭스,S3동,405호,4,25평,B,59.60,26213,15727,1000,1205,28418,6.4,7.0,7.0,6.7,C,N페이_연동_대기,추정_임대,오피스텔_알고리즘검증완료
UB-S3동-501,어반브릭스,S3동,501호,5,25평,A,59.50,26266,15759,1000,1208,28474,6.4,7.0,7.0,6.7,C,N페이_연동_대기,추정_임대,오피스텔_알고리즘검증완료
UB-S3동-502,어반브릭스,S3동,502호,5,25평,B,59.60,26266,15759,1000,1208,28474,6.4,7.0,7.0,6.7,C,N페이_연동_대기,추정_임대,오피스텔_알고리즘검증완료
UB-S3동-503,어반브릭스,S3동,503호,5,25평,B,59.60,26266,15759,1000,1208,28474,6.4,7.0,7.0,6.7,C,N페이_연동_대기,추정_임대,오피스텔_알고리즘검증완료
UB-S3동-504,어반브릭스,S3동,504호,5,25평,B,59.60,26266,15759,1000,1208,28474,6.4,7.0,7.0,6.7,C,N페이_연동_대기,추정_임대,오피스텔_알고리즘검증완료
UB-S3동-505,어반브릭스,S3동,505호,5,25평,B,59.60,26266,15759,1000,1208,28474,6.4,7.0,7.0,6.7,C,N페이_연동_대기,추정_임대,오피스텔_알고리즘검증완료
UB-S3동-601,어반브릭스,S3동,601호,6,25평,A,59.50,26320,15792,1000,1210,28530,6.5,7.0,7.0,6.75,C,N페이_연동_대기,추정_임대,오피스텔_알고리즘검증완료
UB-S3동-602,어반브릭스,S3동,602호,6,25평,B,59.60,26320,15792,1000,1210,28530,6.5,7.0,7.0,6.75,C,N페이_연동_대기,추정_임대,오피스텔_알고리즘검증완료
UB-S3동-603,어반브릭스,S3동,603호,6,25평,B,59.60,26320,15792,1000,1210,28530,6.5,7.0,7.0,6.75,C,N페이_연동_대기,추정_임대,오피스텔_알고리즘검증완료
UB-S3동-604,어반브릭스,S3동,604호,6,25평,B,59.60,26320,15792,1000,1210,28530,6.5,7.0,7.0,6.75,C,N페이_연동_대기,추정_임대,오피스텔_알고리즘검증완료
UB-S3동-605,어반브릭스,S3동,605호,6,25평,B,59.60,26320,15792,1000,1210,28530,6.5,7.0,7.0,6.75,C,N페이_연동_대기,추정_임대,오피스텔_알고리즘검증완료
UB-S3동-701,어반브릭스,S3동,701호,7,25평,A,59.50,26373,15823,1000,1213,28586,6.6,7.0,7.0,6.8,C,N페이_연동_대기,추정_임대,오피스텔_알고리즘검증완료
UB-S3동-702,어반브릭스,S3동,702호,7,25평,B,59.60,26373,15823,1000,1213,28586,6.6,7.0,7.0,6.8,C,N페이_연동_대기,추정_임대,오피스텔_알고리즘검증완료
UB-S3동-703,어반브릭스,S3동,703호,7,25평,B,59.60,26373,15823,1000,1213,28586,6.6,7.0,7.0,6.8,C,N페이_연동_대기,추정_임대,오피스텔_알고리즘검증완료
UB-S3동-704,어반브릭스,S3동,704호,7,25평,B,59.60,26373,15823,1000,1213,28586,6.6,7.0,7.0,6.8,C,N페이_연동_대기,추정_임대,오피스텔_알고리즘검증완료
UB-S3동-705,어반브릭스,S3동,705호,7,25평,B,59.60,26373,15823,1000,1213,28586,6.6,7.0,7.0,6.8,C,N페이_연동_대기,추정_임대,오피스텔_알고리즘검증완료
UB-S3동-801,어반브릭스,S3동,801호,8,25평,A,59.50,26426,15855,1000,1215,28641,6.7,7.0,7.0,6.85,C,N페이_연동_대기,추정_임대,오피스텔_알고리즘검증완료
UB-S3동-802,어반브릭스,S3동,802호,8,25평,B,59.60,26426,15855,1000,1215,28641,6.7,7.0,7.0,6.85,C,N페이_연동_대기,추정_임대,오피스텔_알고리즘검증완료
UB-S3동-803,어반브릭스,S3동,803호,8,25평,B,59.60,26426,15855,1000,1215,28641,6.7,7.0,7.0,6.85,C,N페이_연동_대기,추정_임대,오피스텔_알고리즘검증완료
UB-S3동-804,어반브릭스,S3동,804호,8,25평,B,59.60,26426,15855,1000,1215,28641,6.7,7.0,7.0,6.85,C,N페이_연동_대기,추정_임대,오피스텔_알고리즘검증완료
UB-S3동-805,어반브릭스,S3동,805호,8,25평,B,59.60,26426,15855,1000,1215,28641,6.7,7.0,7.0,6.85,C,N페이_연동_대기,추정_임대,오피스텔_알고리즘검증완료
UB-S3동-901,어반브릭스,S3동,901호,9,25평,A,59.50,26480,15888,1000,1218,28698,6.8,7.0,7.0,6.9,C,N페이_연동_대기,추정_임대,오피스텔_알고리즘검증완료
UB-S3동-902,어반브릭스,S3동,902호,9,25평,B,59.60,26480,15888,1000,1218,28698,6.8,7.0,7.0,6.9,C,N페이_연동_대기,추정_임대,오피스텔_알고리즘검증완료
UB-S3동-903,어반브릭스,S3동,903호,9,25평,B,59.60,26480,15888,1000,1218,28698,6.8,7.0,7.0,6.9,C,N페이_연동_대기,추정_임대,오피스텔_알고리즘검증완료
UB-S3동-904,어반브릭스,S3동,904호,9,25평,B,59.60,26480,15888,1000,1218,28698,6.8,7.0,7.0,6.9,C,N페이_연동_대기,추정_임대,오피스텔_알고리즘검증완료
UB-S3동-905,어반브릭스,S3동,905호,9,25평,B,59.60,26480,15888,1000,1218,28698,6.8,7.0,7.0,6.9,C,N페이_연동_대기,추정_임대,오피스텔_알고리즘검증완료
UB-S3동-1001,어반브릭스,S3동,1001호,10,25평,A,59.50,26533,15919,1000,1220,28753,6.9,7.0,7.0,6.95,C,N페이_연동_대기,추정_임대,오피스텔_알고리즘검증완료
UB-S3동-1002,어반브릭스,S3동,1002호,10,25평,B,59.60,26533,15919,1000,1220,28753,6.9,7.0,7.0,6.95,C,N페이_연동_대기,추정_임대,오피스텔_알고리즘검증완료
UB-S3동-1003,어반브릭스,S3동,1003호,10,25평,B,59.60,26533,15919,1000,1220,28753,6.9,7.0,7.0,6.95,C,N페이_연동_대기,추정_임대,오피스텔_알고리즘검증완료
UB-S3동-1004,어반브릭스,S3동,1004호,10,25평,B,59.60,26533,15919,1000,1220,28753,6.9,7.0,7.0,6.95,C,N페이_연동_대기,추정_임대,오피스텔_알고리즘검증완료
UB-S3동-1005,어반브릭스,S3동,1005호,10,25평,B,59.60,26533,15919,1000,1220,28753,6.9,7.0,7.0,6.95,C,N페이_연동_대기,추정_임대,오피스텔_알고리즘검증완료
UB-S3동-1101,어반브릭스,S3동,1101호,11,25평,A,59.50,26586,15951,1000,1222,28808,7.0,7.0,7.0,7.0,B,N페이_연동_대기,추정_임대,오피스텔_알고리즘검증완료
UB-S3동-1102,어반브릭스,S3동,1102호,11,25평,B,59.60,26586,15951,1000,1222,28808,7.0,7.0,7.0,7.0,B,N페이_연동_대기,추정_임대,오피스텔_알고리즘검증완료
UB-S3동-1103,어반브릭스,S3동,1103호,11,25평,B,59.60,26586,15951,1000,1222,28808,7.0,7.0,7.0,7.0,B,N페이_연동_대기,추정_임대,오피스텔_알고리즘검증완료
UB-S3동-1104,어반브릭스,S3동,1104호,11,25평,B,59.60,26586,15951,1000,1222,28808,7.0,7.0,7.0,7.0,B,N페이_연동_대기,추정_임대,오피스텔_알고리즘검증완료
UB-S3동-1105,어반브릭스,S3동,1105호,11,25평,B,59.60,26586,15951,1000,1222,28808,7.0,7.0,7.0,7.0,B,N페이_연동_대기,추정_임대,오피스텔_알고리즘검증완료
UB-S3동-1201,어반브릭스,S3동,1201호,12,25평,A,59.50,26640,15984,1000,1225,28865,7.1,7.0,7.0,7.05,B,N페이_연동_대기,추정_임대,오피스텔_알고리즘검증완료
UB-S3동-1202,어반브릭스,S3동,1202호,12,25평,B,59.60,26640,15984,1000,1225,28865,7.1,7.0,7.0,7.05,B,N페이_연동_대기,추정_임대,오피스텔_알고리즘검증완료
UB-S3동-1203,어반브릭스,S3동,1203호,12,25평,B,59.60,26640,15984,1000,1225,28865,7.1,7.0,7.0,7.05,B,N페이_연동_대기,추정_임대,오피스텔_알고리즘검증완료
UB-S3동-1204,어반브릭스,S3동,1204호,12,25평,B,59.60,26640,15984,1000,1225,28865,7.1,7.0,7.0,7.05,B,N페이_연동_대기,추정_자가,오피스텔_알고리즘검증완료
UB-S3동-1205,어반브릭스,S3동,1205호,12,25평,B,59.60,26640,15984,1000,1225,28865,7.1,7.0,7.0,7.05,B,N페이_연동_대기,추정_임대,오피스텔_알고리즘검증완료
UB-S3동-1301,어반브릭스,S3동,1301호,13,25평,A,59.50,26693,16015,1000,1227,28920,7.2,7.0,7.0,7.1,B,N페이_연동_대기,추정_임대,오피스텔_알고리즘검증완료
UB-S3동-1302,어반브릭스,S3동,1302호,13,25평,B,59.60,26693,16015,1000,1227,28920,7.2,7.0,7.0,7.1,B,N페이_연동_대기,추정_임대,오피스텔_알고리즘검증완료
UB-S3동-1303,어반브릭스,S3동,1303호,13,25평,B,59.60,26693,16015,1000,1227,28920,7.2,7.0,7.0,7.1,B,N페이_연동_대기,추정_임대,오피스텔_알고리즘검증완료
UB-S3동-1304,어반브릭스,S3동,1304호,13,25평,B,59.60,26693,16015,1000,1227,28920,7.2,7.0,7.0,7.1,B,N페이_연동_대기,추정_임대,오피스텔_알고리즘검증완료
UB-S3동-1305,어반브릭스,S3동,1305호,13,25평,B,59.60,26693,16015,1000,1227,28920,7.2,7.0,7.0,7.1,B,N페이_연동_대기,추정_임대,오피스텔_알고리즘검증완료
UB-S3동-1401,어반브릭스,S3동,1401호,14,25평,A,59.50,26746,16047,1000,1230,28976,7.3,7.0,7.0,7.15,B,N페이_연동_대기,추정_임대,오피스텔_알고리즘검증완료
UB-S3동-1402,어반브릭스,S3동,1402호,14,25평,B,59.60,26746,16047,1000,1230,28976,7.3,7.0,7.0,7.15,B,N페이_연동_대기,추정_임대,오피스텔_알고리즘검증완료
UB-S3동-1403,어반브릭스,S3동,1403호,14,25평,B,59.60,26746,16047,1000,1230,28976,7.3,7.0,7.0,7.15,B,N페이_연동_대기,추정_임대,오피스텔_알고리즘검증완료
UB-S3동-1404,어반브릭스,S3동,1404호,14,25평,B,59.60,26746,16047,1000,1230,28976,7.3,7.0,7.0,7.15,B,N페이_연동_대기,추정_임대,오피스텔_알고리즘검증완료
UB-S3동-1405,어반브릭스,S3동,1405호,14,25평,B,59.60,26746,16047,1000,1230,28976,7.3,7.0,7.0,7.15,B,N페이_연동_대기,추정_임대,오피스텔_알고리즘검증완료
UB-S3동-1501,어반브릭스,S3동,1501호,15,25평,A,59.50,26799,16079,1000,1232,29031,7.3,7.0,7.0,7.15,B,N페이_연동_대기,추정_임대,오피스텔_알고리즘검증완료
UB-S3동-1502,어반브릭스,S3동,1502호,15,25평,B,59.60,26799,16079,1000,1232,29031,7.3,7.0,7.0,7.15,B,N페이_연동_대기,추정_임대,오피스텔_알고리즘검증완료
UB-S3동-1503,어반브릭스,S3동,1503호,15,25평,B,59.60,26799,16079,1000,1232,29031,7.3,7.0,7.0,7.15,B,N페이_연동_대기,추정_임대,오피스텔_알고리즘검증완료
UB-S3동-1504,어반브릭스,S3동,1504호,15,25평,B,59.60,26799,16079,1000,1232,29031,7.3,7.0,7.0,7.15,B,N페이_연동_대기,추정_임대,오피스텔_알고리즘검증완료
UB-S3동-1505,어반브릭스,S3동,1505호,15,25평,B,59.60,26799,16079,1000,1232,29031,7.3,7.0,7.0,7.15,B,N페이_연동_대기,추정_임대,오피스텔_알고리즘검증완료
UB-S3동-1601,어반브릭스,S3동,1601호,16,25평,A,59.50,26853,16111,1000,1235,29088,7.4,7.0,7.0,7.2,B,N페이_연동_대기,추정_임대,오피스텔_알고리즘검증완료
UB-S3동-1602,어반브릭스,S3동,1602호,16,25평,B,59.60,26853,16111,1000,1235,29088,7.4,7.0,7.0,7.2,B,N페이_연동_대기,추정_임대,오피스텔_알고리즘검증완료
UB-S3동-1603,어반브릭스,S3동,1603호,16,25평,B,59.60,26853,16111,1000,1235,29088,7.4,7.0,7.0,7.2,B,N페이_연동_대기,추정_임대,오피스텔_알고리즘검증완료
UB-S3동-1604,어반브릭스,S3동,1604호,16,25평,B,59.60,26853,16111,1000,1235,29088,7.4,7.0,7.0,7.2,B,N페이_연동_대기,추정_임대,오피스텔_알고리즘검증완료
UB-S3동-1605,어반브릭스,S3동,1605호,16,25평,B,59.60,26853,16111,1000,1235,29088,7.4,7.0,7.0,7.2,B,N페이_연동_대기,추정_임대,오피스텔_알고리즘검증완료
UB-S3동-1701,어반브릭스,S3동,1701호,17,25평,A,59.50,26906,16143,1000,1237,29143,7.5,7.0,7.0,7.25,B,N페이_연동_대기,추정_임대,오피스텔_알고리즘검증완료
UB-S3동-1702,어반브릭스,S3동,1702호,17,25평,B,59.60,26906,16143,1000,1237,29143,7.5,7.0,7.0,7.25,B,N페이_연동_대기,추정_임대,오피스텔_알고리즘검증완료
UB-S3동-1703,어반브릭스,S3동,1703호,17,25평,B,59.60,26906,16143,1000,1237,29143,7.5,7.0,7.0,7.25,B,N페이_연동_대기,추정_임대,오피스텔_알고리즘검증완료
UB-S3동-1704,어반브릭스,S3동,1704호,17,25평,B,59.60,26906,16143,1000,1237,29143,7.5,7.0,7.0,7.25,B,N페이_연동_대기,추정_임대,오피스텔_알고리즘검증완료
UB-S3동-1705,어반브릭스,S3동,1705호,17,25평,B,59.60,26906,16143,1000,1237,29143,7.5,7.0,7.0,7.25,B,N페이_연동_대기,추정_임대,오피스텔_알고리즘검증완료
UB-S3동-1801,어반브릭스,S3동,1801호,18,25평,A,59.50,26959,16175,1000,1240,29199,7.6,7.0,7.0,7.3,B,N페이_연동_대기,추정_임대,오피스텔_알고리즘검증완료
UB-S3동-1802,어반브릭스,S3동,1802호,18,25평,B,59.60,26959,16175,1000,1240,29199,7.6,7.0,7.0,7.3,B,N페이_연동_대기,추정_임대,오피스텔_알고리즘검증완료
